first_publication_topic,publication_order,topic_order,author_count
Agricultural and Biological Sciences,1,1,24295
Agricultural and Biological Sciences,2,1,432
Agricultural and Biological Sciences,2,2,23863
Agricultural and Biological Sciences,3,1,69
Agricultural and Biological Sciences,3,2,415
Agricultural and Biological Sciences,3,3,505
Agricultural and Biological Sciences,4,1,26
Agricultural and Biological Sciences,4,2,40
Agricultural and Biological Sciences,4,3,71
Agricultural and Biological Sciences,4,4,52
Agricultural and Biological Sciences,5,1,9
Agricultural and Biological Sciences,5,2,17
Agricultural and Biological Sciences,5,3,11
Agricultural and Biological Sciences,5,4,17
Agricultural and Biological Sciences,5,5,13
Agricultural and Biological Sciences,6,1,4
Agricultural and Biological Sciences,6,2,10
Agricultural and Biological Sciences,6,3,9
Agricultural and Biological Sciences,6,4,6
Agricultural and Biological Sciences,6,5,3
Agricultural and Biological Sciences,6,6,6
Agricultural and Biological Sciences,7,1,4
Agricultural and Biological Sciences,7,2,2
Agricultural and Biological Sciences,7,3,3
Agricultural and Biological Sciences,7,4,6
Agricultural and Biological Sciences,7,5,6
Agricultural and Biological Sciences,7,6,1
Agricultural and Biological Sciences,7,7,3
Agricultural and Biological Sciences,8,1,3
Agricultural and Biological Sciences,8,2,4
Agricultural and Biological Sciences,8,3,3
Agricultural and Biological Sciences,8,4,2
Agricultural and Biological Sciences,8,6,1
Agricultural and Biological Sciences,8,7,1
Agricultural and Biological Sciences,9,1,1
Agricultural and Biological Sciences,9,2,2
Agricultural and Biological Sciences,9,3,1
Agricultural and Biological Sciences,9,5,3
Agricultural and Biological Sciences,9,7,1
Agricultural and Biological Sciences,9,8,1
Agricultural and Biological Sciences,10,1,1
Agricultural and Biological Sciences,10,5,1
Agricultural and Biological Sciences,10,6,1
Agricultural and Biological Sciences,10,7,1
Agricultural and Biological Sciences,11,3,1
Agricultural and Biological Sciences,11,7,2
Agricultural and Biological Sciences,12,4,1
Agricultural and Biological Sciences,12,8,1
Agricultural and Biological Sciences,13,2,1
Agricultural and Biological Sciences,13,9,1
Agricultural and Biological Sciences,14,2,1
Agricultural and Biological Sciences,14,7,1
Agricultural and Biological Sciences,15,1,1
Agricultural and Biological Sciences,15,2,1
Agricultural and Biological Sciences,16,1,1
Agricultural and Biological Sciences,16,6,1
Agricultural and Biological Sciences,17,2,1
Agricultural and Biological Sciences,17,10,1
Agricultural and Biological Sciences,18,2,1
Agricultural and Biological Sciences,19,1,1
Agricultural and Biological Sciences,20,5,1
Arts and Humanities,1,1,25575
Arts and Humanities,2,1,809
Arts and Humanities,2,2,24766
Arts and Humanities,3,1,161
Arts and Humanities,3,2,758
Arts and Humanities,3,3,756
Arts and Humanities,4,1,75
Arts and Humanities,4,2,104
Arts and Humanities,4,3,131
Arts and Humanities,4,4,38
Arts and Humanities,5,1,32
Arts and Humanities,5,2,42
Arts and Humanities,5,3,52
Arts and Humanities,5,4,26
Arts and Humanities,5,5,2
Arts and Humanities,6,1,18
Arts and Humanities,6,2,15
Arts and Humanities,6,3,25
Arts and Humanities,6,4,14
Arts and Humanities,6,5,3
Arts and Humanities,6,6,1
Arts and Humanities,7,1,12
Arts and Humanities,7,2,16
Arts and Humanities,7,3,5
Arts and Humanities,7,4,7
Arts and Humanities,7,5,1
Arts and Humanities,7,6,1
Arts and Humanities,7,7,1
Arts and Humanities,8,1,8
Arts and Humanities,8,2,8
Arts and Humanities,8,3,8
Arts and Humanities,8,4,4
Arts and Humanities,8,5,1
Arts and Humanities,9,1,5
Arts and Humanities,9,2,5
Arts and Humanities,9,3,4
Arts and Humanities,9,4,6
Arts and Humanities,9,5,2
Arts and Humanities,10,1,5
Arts and Humanities,10,2,3
Arts and Humanities,10,3,2
Arts and Humanities,10,4,2
Arts and Humanities,10,5,1
Arts and Humanities,11,1,2
Arts and Humanities,11,2,3
Arts and Humanities,11,3,1
Arts and Humanities,11,4,2
Arts and Humanities,11,5,1
Arts and Humanities,12,1,1
Arts and Humanities,12,2,3
Arts and Humanities,12,4,1
Arts and Humanities,12,5,1
Arts and Humanities,13,2,1
Arts and Humanities,13,3,1
Arts and Humanities,13,4,2
Arts and Humanities,13,6,1
Arts and Humanities,14,2,2
Arts and Humanities,15,2,1
Arts and Humanities,15,5,1
Arts and Humanities,16,3,1
"Biochemistry, Genetics and Molecular Biology",1,1,18735
"Biochemistry, Genetics and Molecular Biology",2,1,181
"Biochemistry, Genetics and Molecular Biology",2,2,18554
"Biochemistry, Genetics and Molecular Biology",3,1,35
"Biochemistry, Genetics and Molecular Biology",3,2,206
"Biochemistry, Genetics and Molecular Biology",3,3,603
"Biochemistry, Genetics and Molecular Biology",4,1,18
"Biochemistry, Genetics and Molecular Biology",4,2,24
"Biochemistry, Genetics and Molecular Biology",4,3,70
"Biochemistry, Genetics and Molecular Biology",4,4,49
"Biochemistry, Genetics and Molecular Biology",5,1,7
"Biochemistry, Genetics and Molecular Biology",5,2,13
"Biochemistry, Genetics and Molecular Biology",5,3,20
"Biochemistry, Genetics and Molecular Biology",5,4,15
"Biochemistry, Genetics and Molecular Biology",5,5,6
"Biochemistry, Genetics and Molecular Biology",6,1,3
"Biochemistry, Genetics and Molecular Biology",6,2,13
"Biochemistry, Genetics and Molecular Biology",6,3,5
"Biochemistry, Genetics and Molecular Biology",6,4,9
"Biochemistry, Genetics and Molecular Biology",6,5,5
"Biochemistry, Genetics and Molecular Biology",6,6,1
"Biochemistry, Genetics and Molecular Biology",7,1,4
"Biochemistry, Genetics and Molecular Biology",7,2,7
"Biochemistry, Genetics and Molecular Biology",7,3,3
"Biochemistry, Genetics and Molecular Biology",7,4,4
"Biochemistry, Genetics and Molecular Biology",7,5,2
"Biochemistry, Genetics and Molecular Biology",7,7,1
"Biochemistry, Genetics and Molecular Biology",8,1,5
"Biochemistry, Genetics and Molecular Biology",8,2,4
"Biochemistry, Genetics and Molecular Biology",8,3,3
"Biochemistry, Genetics and Molecular Biology",8,4,2
"Biochemistry, Genetics and Molecular Biology",8,5,2
"Biochemistry, Genetics and Molecular Biology",8,6,2
"Biochemistry, Genetics and Molecular Biology",9,1,1
"Biochemistry, Genetics and Molecular Biology",9,2,3
"Biochemistry, Genetics and Molecular Biology",9,3,2
"Biochemistry, Genetics and Molecular Biology",9,4,2
"Biochemistry, Genetics and Molecular Biology",9,5,2
"Biochemistry, Genetics and Molecular Biology",9,6,2
"Biochemistry, Genetics and Molecular Biology",9,7,1
"Biochemistry, Genetics and Molecular Biology",10,1,2
"Biochemistry, Genetics and Molecular Biology",10,2,1
"Biochemistry, Genetics and Molecular Biology",10,4,2
"Biochemistry, Genetics and Molecular Biology",11,1,2
"Biochemistry, Genetics and Molecular Biology",11,2,1
"Biochemistry, Genetics and Molecular Biology",11,4,1
"Biochemistry, Genetics and Molecular Biology",12,2,1
"Biochemistry, Genetics and Molecular Biology",12,4,1
"Biochemistry, Genetics and Molecular Biology",12,7,1
"Biochemistry, Genetics and Molecular Biology",13,2,1
"Biochemistry, Genetics and Molecular Biology",13,8,1
"Biochemistry, Genetics and Molecular Biology",14,2,1
"Biochemistry, Genetics and Molecular Biology",14,4,1
"Biochemistry, Genetics and Molecular Biology",15,2,1
"Biochemistry, Genetics and Molecular Biology",15,7,1
"Biochemistry, Genetics and Molecular Biology",16,2,1
"Biochemistry, Genetics and Molecular Biology",16,9,1
"Biochemistry, Genetics and Molecular Biology",17,3,1
"Business, Management and Accounting",1,1,11902
"Business, Management and Accounting",2,1,136
"Business, Management and Accounting",2,2,11766
"Business, Management and Accounting",3,1,18
"Business, Management and Accounting",3,2,155
"Business, Management and Accounting",3,3,378
"Business, Management and Accounting",4,1,9
"Business, Management and Accounting",4,2,24
"Business, Management and Accounting",4,3,33
"Business, Management and Accounting",4,4,33
"Business, Management and Accounting",5,1,3
"Business, Management and Accounting",5,2,4
"Business, Management and Accounting",5,3,11
"Business, Management and Accounting",5,4,16
"Business, Management and Accounting",5,5,5
"Business, Management and Accounting",6,1,2
"Business, Management and Accounting",6,2,1
"Business, Management and Accounting",6,3,4
"Business, Management and Accounting",6,4,10
"Business, Management and Accounting",6,5,3
"Business, Management and Accounting",7,1,1
"Business, Management and Accounting",7,3,1
"Business, Management and Accounting",7,4,1
"Business, Management and Accounting",7,5,5
"Business, Management and Accounting",7,6,2
"Business, Management and Accounting",8,2,2
"Business, Management and Accounting",8,5,2
"Business, Management and Accounting",8,6,2
"Business, Management and Accounting",8,7,1
"Business, Management and Accounting",9,3,1
"Business, Management and Accounting",9,6,2
"Business, Management and Accounting",9,7,1
"Business, Management and Accounting",10,4,1
"Business, Management and Accounting",10,8,1
"Business, Management and Accounting",11,5,1
"Business, Management and Accounting",11,6,1
"Business, Management and Accounting",12,9,1
"Business, Management and Accounting",13,10,1
Chemical Engineering,1,1,1250
Chemical Engineering,2,1,10
Chemical Engineering,2,2,1240
Chemical Engineering,3,1,1
Chemical Engineering,3,2,11
Chemical Engineering,3,3,41
Chemical Engineering,4,1,1
Chemical Engineering,4,2,1
Chemical Engineering,4,3,3
Chemical Engineering,4,4,2
Chemical Engineering,5,2,1
Chemical Engineering,5,4,2
Chemical Engineering,6,5,2
Chemical Engineering,7,2,1
Chemical Engineering,7,6,1
Chemical Engineering,8,2,1
Chemical Engineering,8,7,1
Chemical Engineering,9,6,1
Chemical Engineering,10,7,1
Chemistry,1,1,9684
Chemistry,2,1,219
Chemistry,2,2,9465
Chemistry,3,1,47
Chemistry,3,2,208
Chemistry,3,3,327
Chemistry,4,1,21
Chemistry,4,2,29
Chemistry,4,3,40
Chemistry,4,4,38
Chemistry,5,1,11
Chemistry,5,2,8
Chemistry,5,3,15
Chemistry,5,4,14
Chemistry,5,5,13
Chemistry,6,1,6
Chemistry,6,2,8
Chemistry,6,3,4
Chemistry,6,4,9
Chemistry,6,5,4
Chemistry,6,6,2
Chemistry,7,1,7
Chemistry,7,2,2
Chemistry,7,3,2
Chemistry,7,4,2
Chemistry,7,5,5
Chemistry,7,6,1
Chemistry,8,1,2
Chemistry,8,2,4
Chemistry,8,3,3
Chemistry,8,4,2
Chemistry,8,5,3
Chemistry,8,6,1
Chemistry,8,7,1
Chemistry,9,1,1
Chemistry,9,2,1
Chemistry,9,3,2
Chemistry,9,4,1
Chemistry,9,5,3
Chemistry,9,6,1
Chemistry,9,7,1
Chemistry,9,8,1
Chemistry,10,1,1
Chemistry,10,2,2
Chemistry,10,3,2
Chemistry,10,4,1
Chemistry,10,5,1
Chemistry,10,7,1
Chemistry,10,8,1
Chemistry,10,9,1
Chemistry,11,1,1
Chemistry,11,5,3
Chemistry,11,6,2
Chemistry,11,7,1
Chemistry,12,1,1
Chemistry,12,3,1
Chemistry,12,4,1
Chemistry,12,6,1
Chemistry,12,7,1
Chemistry,12,8,1
Chemistry,13,1,2
Chemistry,13,4,1
Chemistry,13,7,1
Chemistry,14,2,1
Chemistry,14,4,1
Chemistry,14,10,1
Chemistry,15,1,1
Chemistry,15,6,1
Chemistry,15,11,1
Chemistry,16,4,1
Computer Science,1,1,20988
Computer Science,2,1,272
Computer Science,2,2,20716
Computer Science,3,1,52
Computer Science,3,2,278
Computer Science,3,3,530
Computer Science,4,1,14
Computer Science,4,2,38
Computer Science,4,3,69
Computer Science,4,4,52
Computer Science,5,1,6
Computer Science,5,2,11
Computer Science,5,3,19
Computer Science,5,4,20
Computer Science,5,5,10
Computer Science,6,1,6
Computer Science,6,2,4
Computer Science,6,3,4
Computer Science,6,4,7
Computer Science,6,5,2
Computer Science,6,6,4
Computer Science,7,1,5
Computer Science,7,2,2
Computer Science,7,3,2
Computer Science,7,4,2
Computer Science,7,5,1
Computer Science,8,1,1
Computer Science,8,2,3
Computer Science,8,3,2
Computer Science,8,4,2
Computer Science,9,1,1
Computer Science,9,2,3
Computer Science,9,6,1
Computer Science,10,1,1
Computer Science,10,4,3
Computer Science,10,7,1
Computer Science,11,1,2
Computer Science,11,4,1
Computer Science,11,8,1
Computer Science,12,1,1
Computer Science,12,2,1
Computer Science,12,3,1
Computer Science,12,9,1
Computer Science,13,1,1
Computer Science,13,2,1
Computer Science,13,5,2
Computer Science,14,2,1
Computer Science,14,5,1
Computer Science,14,6,1
Computer Science,14,10,1
Computer Science,15,7,1
Computer Science,15,11,1
Decision Sciences,1,1,3315
Decision Sciences,2,1,18
Decision Sciences,2,2,3297
Decision Sciences,3,1,3
Decision Sciences,3,2,20
Decision Sciences,3,3,86
Decision Sciences,4,1,1
Decision Sciences,4,3,7
Decision Sciences,4,4,6
Decision Sciences,5,2,2
Decision Sciences,5,4,1
Decision Sciences,5,5,1
Decision Sciences,6,1,1
Decision Sciences,6,4,1
Decision Sciences,7,3,1
Dentistry,1,1,1412
Dentistry,2,1,8
Dentistry,2,2,1404
Dentistry,3,1,1
Dentistry,3,2,7
Dentistry,3,3,28
Dentistry,4,2,1
Dentistry,4,3,1
Dentistry,4,4,1
Earth and Planetary Sciences,1,1,9449
Earth and Planetary Sciences,2,1,216
Earth and Planetary Sciences,2,2,9233
Earth and Planetary Sciences,3,1,32
Earth and Planetary Sciences,3,2,221
Earth and Planetary Sciences,3,3,372
Earth and Planetary Sciences,4,1,9
Earth and Planetary Sciences,4,2,28
Earth and Planetary Sciences,4,3,39
Earth and Planetary Sciences,4,4,34
Earth and Planetary Sciences,5,1,3
Earth and Planetary Sciences,5,2,9
Earth and Planetary Sciences,5,3,14
Earth and Planetary Sciences,5,4,9
Earth and Planetary Sciences,5,5,5
Earth and Planetary Sciences,6,1,3
Earth and Planetary Sciences,6,2,4
Earth and Planetary Sciences,6,3,4
Earth and Planetary Sciences,6,4,8
Earth and Planetary Sciences,6,5,5
Earth and Planetary Sciences,6,6,2
Earth and Planetary Sciences,7,1,2
Earth and Planetary Sciences,7,2,2
Earth and Planetary Sciences,7,3,1
Earth and Planetary Sciences,7,4,6
Earth and Planetary Sciences,7,5,1
Earth and Planetary Sciences,7,6,1
Earth and Planetary Sciences,7,7,1
Earth and Planetary Sciences,8,1,2
Earth and Planetary Sciences,8,2,2
Earth and Planetary Sciences,8,4,1
Earth and Planetary Sciences,8,5,1
Earth and Planetary Sciences,8,6,2
Earth and Planetary Sciences,8,7,1
Earth and Planetary Sciences,9,2,1
Earth and Planetary Sciences,9,3,3
Earth and Planetary Sciences,9,5,1
Earth and Planetary Sciences,10,1,1
Earth and Planetary Sciences,10,2,1
Earth and Planetary Sciences,10,6,1
Earth and Planetary Sciences,10,7,1
Earth and Planetary Sciences,11,1,2
Earth and Planetary Sciences,11,3,1
Earth and Planetary Sciences,12,2,1
Earth and Planetary Sciences,12,4,2
Earth and Planetary Sciences,13,2,3
Earth and Planetary Sciences,14,2,2
Earth and Planetary Sciences,14,5,1
Earth and Planetary Sciences,15,1,1
Earth and Planetary Sciences,15,2,2
Earth and Planetary Sciences,16,2,3
Earth and Planetary Sciences,17,2,1
Earth and Planetary Sciences,17,4,2
Earth and Planetary Sciences,18,2,1
Earth and Planetary Sciences,18,7,1
Earth and Planetary Sciences,19,2,1
Earth and Planetary Sciences,19,8,1
Earth and Planetary Sciences,20,1,1
Earth and Planetary Sciences,21,2,1
Earth and Planetary Sciences,22,5,1
"Economics, Econometrics and Finance",1,1,10115
"Economics, Econometrics and Finance",2,1,141
"Economics, Econometrics and Finance",2,2,9974
"Economics, Econometrics and Finance",3,1,23
"Economics, Econometrics and Finance",3,2,170
"Economics, Econometrics and Finance",3,3,330
"Economics, Econometrics and Finance",4,1,12
"Economics, Econometrics and Finance",4,2,19
"Economics, Econometrics and Finance",4,3,52
"Economics, Econometrics and Finance",4,4,38
"Economics, Econometrics and Finance",5,1,1
"Economics, Econometrics and Finance",5,2,8
"Economics, Econometrics and Finance",5,3,23
"Economics, Econometrics and Finance",5,4,10
"Economics, Econometrics and Finance",5,5,7
"Economics, Econometrics and Finance",6,1,2
"Economics, Econometrics and Finance",6,2,5
"Economics, Econometrics and Finance",6,3,5
"Economics, Econometrics and Finance",6,4,7
"Economics, Econometrics and Finance",6,5,2
"Economics, Econometrics and Finance",6,6,2
"Economics, Econometrics and Finance",7,1,4
"Economics, Econometrics and Finance",7,2,4
"Economics, Econometrics and Finance",7,3,1
"Economics, Econometrics and Finance",7,4,2
"Economics, Econometrics and Finance",7,5,2
"Economics, Econometrics and Finance",7,6,1
"Economics, Econometrics and Finance",7,7,2
"Economics, Econometrics and Finance",8,1,3
"Economics, Econometrics and Finance",8,2,5
"Economics, Econometrics and Finance",8,4,2
"Economics, Econometrics and Finance",8,5,1
"Economics, Econometrics and Finance",8,7,1
"Economics, Econometrics and Finance",8,8,1
"Economics, Econometrics and Finance",9,1,1
"Economics, Econometrics and Finance",9,2,2
"Economics, Econometrics and Finance",9,3,3
"Economics, Econometrics and Finance",9,4,2
"Economics, Econometrics and Finance",9,5,1
"Economics, Econometrics and Finance",9,6,1
"Economics, Econometrics and Finance",9,7,1
"Economics, Econometrics and Finance",10,2,3
"Economics, Econometrics and Finance",10,3,1
"Economics, Econometrics and Finance",10,5,4
"Economics, Econometrics and Finance",11,2,4
"Economics, Econometrics and Finance",11,3,1
"Economics, Econometrics and Finance",12,2,2
"Economics, Econometrics and Finance",12,3,1
"Economics, Econometrics and Finance",12,4,1
"Economics, Econometrics and Finance",12,5,1
"Economics, Econometrics and Finance",13,2,2
"Economics, Econometrics and Finance",13,5,2
"Economics, Econometrics and Finance",14,2,2
"Economics, Econometrics and Finance",14,3,1
"Economics, Econometrics and Finance",15,2,1
"Economics, Econometrics and Finance",15,4,1
"Economics, Econometrics and Finance",15,8,1
"Economics, Econometrics and Finance",16,1,1
"Economics, Econometrics and Finance",16,2,1
"Economics, Econometrics and Finance",17,1,1
"Economics, Econometrics and Finance",17,2,1
"Economics, Econometrics and Finance",18,2,1
"Economics, Econometrics and Finance",18,4,1
"Economics, Econometrics and Finance",19,1,1
"Economics, Econometrics and Finance",20,2,1
"Economics, Econometrics and Finance",21,2,1
"Economics, Econometrics and Finance",22,5,1
"Economics, Econometrics and Finance",23,2,1
"Economics, Econometrics and Finance",24,2,1
"Economics, Econometrics and Finance",25,2,1
"Economics, Econometrics and Finance",26,1,1
"Economics, Econometrics and Finance",27,2,1
"Economics, Econometrics and Finance",28,2,1
"Economics, Econometrics and Finance",29,6,1
Energy,1,1,2466
Energy,2,1,23
Energy,2,2,2443
Energy,3,1,1
Energy,3,2,28
Energy,3,3,83
Energy,4,2,1
Energy,4,3,7
Energy,4,4,5
Energy,5,3,1
Energy,5,4,3
Energy,5,5,1
Energy,6,4,1
Energy,6,5,1
Energy,7,5,1
Engineering,1,1,56943
Engineering,2,1,1435
Engineering,2,2,55508
Engineering,3,1,285
Engineering,3,2,1340
Engineering,3,3,1363
Engineering,4,1,118
Engineering,4,2,156
Engineering,4,3,268
Engineering,4,4,133
Engineering,5,1,68
Engineering,5,2,53
Engineering,5,3,68
Engineering,5,4,52
Engineering,5,5,23
Engineering,6,1,50
Engineering,6,2,20
Engineering,6,3,29
Engineering,6,4,26
Engineering,6,5,12
Engineering,6,6,4
Engineering,7,1,35
Engineering,7,2,14
Engineering,7,3,15
Engineering,7,4,13
Engineering,7,5,10
Engineering,7,6,2
Engineering,8,1,21
Engineering,8,2,9
Engineering,8,3,12
Engineering,8,4,13
Engineering,8,5,7
Engineering,8,6,4
Engineering,8,7,1
Engineering,9,1,15
Engineering,9,2,4
Engineering,9,3,8
Engineering,9,4,2
Engineering,9,5,8
Engineering,9,6,7
Engineering,10,1,11
Engineering,10,2,4
Engineering,10,3,2
Engineering,10,4,2
Engineering,10,5,3
Engineering,10,6,3
Engineering,10,7,1
Engineering,10,8,1
Engineering,11,1,5
Engineering,11,2,1
Engineering,11,3,2
Engineering,11,4,2
Engineering,11,5,4
Engineering,11,7,3
Engineering,11,8,1
Engineering,12,1,5
Engineering,12,3,2
Engineering,12,4,2
Engineering,12,5,3
Engineering,12,6,2
Engineering,12,9,1
Engineering,13,1,7
Engineering,13,2,1
Engineering,13,4,1
Engineering,13,8,2
Engineering,14,1,2
Engineering,14,2,2
Engineering,14,3,1
Engineering,14,4,1
Engineering,14,7,1
Engineering,14,8,1
Engineering,14,9,2
Engineering,15,1,3
Engineering,15,6,2
Engineering,15,7,1
Engineering,15,8,1
Engineering,16,1,2
Engineering,16,3,1
Engineering,16,4,1
Engineering,16,6,1
Engineering,16,9,1
Engineering,17,1,1
Engineering,17,2,1
Engineering,17,3,1
Engineering,17,7,1
Engineering,17,9,1
Engineering,18,6,1
Engineering,18,8,2
Engineering,18,10,1
Engineering,19,1,1
Engineering,19,8,1
Engineering,20,9,1
Engineering,20,10,1
Engineering,21,8,1
Engineering,22,1,1
Engineering,23,11,1
Environmental Science,1,1,18392
Environmental Science,2,1,233
Environmental Science,2,2,18159
Environmental Science,3,1,52
Environmental Science,3,2,228
Environmental Science,3,3,583
Environmental Science,4,1,17
Environmental Science,4,2,37
Environmental Science,4,3,72
Environmental Science,4,4,61
Environmental Science,5,1,7
Environmental Science,5,2,12
Environmental Science,5,3,18
Environmental Science,5,4,25
Environmental Science,5,5,13
Environmental Science,6,1,5
Environmental Science,6,2,10
Environmental Science,6,3,3
Environmental Science,6,4,8
Environmental Science,6,5,10
Environmental Science,6,6,1
Environmental Science,7,1,6
Environmental Science,7,2,5
Environmental Science,7,3,4
Environmental Science,7,4,3
Environmental Science,7,5,8
Environmental Science,7,6,4
Environmental Science,7,7,1
Environmental Science,8,1,2
Environmental Science,8,2,3
Environmental Science,8,3,1
Environmental Science,8,4,3
Environmental Science,8,5,3
Environmental Science,8,6,5
Environmental Science,8,7,1
Environmental Science,9,1,3
Environmental Science,9,4,1
Environmental Science,9,5,1
Environmental Science,9,6,1
Environmental Science,9,7,2
Environmental Science,9,8,1
Environmental Science,10,1,2
Environmental Science,10,2,1
Environmental Science,10,5,1
Environmental Science,10,7,1
Environmental Science,10,8,1
Environmental Science,10,9,1
Environmental Science,11,1,2
Environmental Science,11,2,1
Environmental Science,11,8,1
Environmental Science,12,1,1
Environmental Science,12,5,1
Environmental Science,12,6,1
Environmental Science,13,2,1
Health Professions,1,1,12086
Health Professions,2,1,109
Health Professions,2,2,11977
Health Professions,3,1,31
Health Professions,3,2,118
Health Professions,3,3,376
Health Professions,4,1,10
Health Professions,4,2,24
Health Professions,4,3,45
Health Professions,4,4,46
Health Professions,5,1,4
Health Professions,5,2,11
Health Professions,5,3,13
Health Professions,5,4,14
Health Professions,5,5,6
Health Professions,6,1,4
Health Professions,6,2,4
Health Professions,6,3,7
Health Professions,6,4,4
Health Professions,6,5,3
Health Professions,7,1,4
Health Professions,7,2,5
Health Professions,7,3,2
Health Professions,7,4,1
Health Professions,7,5,2
Health Professions,7,6,1
Health Professions,8,1,5
Health Professions,8,2,2
Health Professions,8,3,4
Health Professions,8,5,1
Health Professions,8,6,1
Health Professions,8,7,1
Health Professions,9,1,1
Health Professions,9,2,4
Health Professions,9,4,4
Health Professions,10,1,2
Health Professions,10,2,3
Health Professions,10,5,1
Health Professions,11,1,1
Health Professions,11,2,2
Health Professions,11,3,2
Health Professions,12,1,1
Health Professions,12,2,2
Health Professions,12,4,2
Health Professions,13,1,1
Health Professions,13,2,1
Health Professions,13,3,1
Health Professions,14,2,2
Health Professions,14,3,1
Health Professions,15,2,1
Health Professions,15,3,1
Health Professions,15,4,1
Health Professions,16,2,1
Health Professions,17,2,1
Health Professions,18,2,1
Health Professions,19,2,1
Health Professions,20,2,1
Health Professions,21,2,1
Health Professions,22,1,1
Health Professions,23,2,1
Health Professions,24,5,1
Immunology and Microbiology,1,1,3510
Immunology and Microbiology,2,1,27
Immunology and Microbiology,2,2,3483
Immunology and Microbiology,3,1,3
Immunology and Microbiology,3,2,30
Immunology and Microbiology,3,3,99
Immunology and Microbiology,4,2,9
Immunology and Microbiology,4,3,7
Immunology and Microbiology,4,4,13
Immunology and Microbiology,5,2,4
Immunology and Microbiology,5,3,4
Immunology and Microbiology,5,4,7
Immunology and Microbiology,5,5,5
Immunology and Microbiology,6,2,2
Immunology and Microbiology,6,3,8
Immunology and Microbiology,6,4,1
Immunology and Microbiology,6,5,2
Immunology and Microbiology,6,6,1
Immunology and Microbiology,7,2,1
Immunology and Microbiology,7,3,2
Immunology and Microbiology,7,4,2
Immunology and Microbiology,7,5,2
Immunology and Microbiology,7,6,1
Immunology and Microbiology,8,2,1
Immunology and Microbiology,8,3,1
Immunology and Microbiology,8,4,1
Immunology and Microbiology,8,5,2
Immunology and Microbiology,9,2,2
Immunology and Microbiology,9,3,1
Immunology and Microbiology,9,6,1
Immunology and Microbiology,10,3,2
Immunology and Microbiology,10,4,1
Immunology and Microbiology,10,5,1
Immunology and Microbiology,11,3,1
Immunology and Microbiology,11,4,1
Immunology and Microbiology,11,7,1
Immunology and Microbiology,12,3,1
Immunology and Microbiology,12,5,1
Immunology and Microbiology,12,8,1
Immunology and Microbiology,13,6,2
Immunology and Microbiology,13,9,1
Immunology and Microbiology,14,2,1
Immunology and Microbiology,14,7,1
Immunology and Microbiology,15,10,1
Immunology and Microbiology,16,11,1
Immunology and Microbiology,17,8,1
Immunology and Microbiology,18,8,1
Immunology and Microbiology,19,12,1
Immunology and Microbiology,20,3,1
Immunology and Microbiology,21,13,1
Immunology and Microbiology,22,13,1
Immunology and Microbiology,23,5,1
Immunology and Microbiology,24,3,1
Immunology and Microbiology,25,14,1
Materials Science,1,1,10409
Materials Science,2,1,179
Materials Science,2,2,10230
Materials Science,3,1,28
Materials Science,3,2,182
Materials Science,3,3,322
Materials Science,4,1,10
Materials Science,4,2,22
Materials Science,4,3,42
Materials Science,4,4,27
Materials Science,5,1,7
Materials Science,5,2,4
Materials Science,5,3,4
Materials Science,5,4,16
Materials Science,5,5,5
Materials Science,6,1,5
Materials Science,6,2,6
Materials Science,6,4,2
Materials Science,6,5,4
Materials Science,7,1,2
Materials Science,7,2,5
Materials Science,7,3,2
Materials Science,7,4,2
Materials Science,8,1,2
Materials Science,8,2,2
Materials Science,8,3,3
Materials Science,8,5,1
Materials Science,8,6,1
Materials Science,9,1,2
Materials Science,9,2,3
Materials Science,9,3,1
Materials Science,10,2,1
Materials Science,10,3,1
Materials Science,10,5,3
Materials Science,11,2,2
Materials Science,11,3,1
Materials Science,12,1,1
Materials Science,12,3,1
Materials Science,12,5,1
Materials Science,13,1,1
Materials Science,13,5,1
Materials Science,14,5,1
Materials Science,15,5,1
Materials Science,16,2,1
Materials Science,17,6,1
Materials Science,18,7,1
Materials Science,19,5,1
Materials Science,20,5,1
Materials Science,21,1,1
Materials Science,22,8,1
Mathematics,1,1,2668
Mathematics,2,1,47
Mathematics,2,2,2621
Mathematics,3,1,9
Mathematics,3,2,43
Mathematics,3,3,88
Mathematics,4,1,3
Mathematics,4,2,7
Mathematics,4,3,7
Mathematics,4,4,13
Mathematics,5,1,1
Mathematics,5,2,4
Mathematics,5,3,2
Mathematics,5,4,4
Mathematics,5,5,1
Mathematics,6,1,1
Mathematics,6,2,2
Mathematics,6,4,2
Mathematics,7,2,3
Mathematics,7,4,1
Mathematics,8,2,2
Mathematics,8,4,1
Mathematics,9,2,1
Mathematics,9,5,1
Mathematics,9,6,1
Mathematics,10,2,1
Mathematics,10,3,1
Mathematics,11,2,1
Mathematics,11,6,1
Mathematics,12,2,1
Mathematics,13,2,1
Mathematics,14,2,1
Mathematics,15,1,1
Mathematics,16,4,1
Medicine,1,1,79843
Medicine,2,1,2016
Medicine,2,2,77827
Medicine,3,1,325
Medicine,3,2,1852
Medicine,3,3,1241
Medicine,4,1,137
Medicine,4,2,184
Medicine,4,3,202
Medicine,4,4,120
Medicine,5,1,78
Medicine,5,2,55
Medicine,5,3,61
Medicine,5,4,47
Medicine,5,5,24
Medicine,6,1,50
Medicine,6,2,27
Medicine,6,3,30
Medicine,6,4,18
Medicine,6,5,14
Medicine,6,6,7
Medicine,7,1,32
Medicine,7,2,10
Medicine,7,3,11
Medicine,7,4,21
Medicine,7,5,7
Medicine,7,6,5
Medicine,8,1,18
Medicine,8,2,12
Medicine,8,3,8
Medicine,8,4,5
Medicine,8,5,11
Medicine,8,6,5
Medicine,8,7,4
Medicine,9,1,18
Medicine,9,2,3
Medicine,9,3,6
Medicine,9,4,3
Medicine,9,5,4
Medicine,9,6,5
Medicine,9,7,1
Medicine,9,8,1
Medicine,10,1,13
Medicine,10,2,2
Medicine,10,3,3
Medicine,10,4,4
Medicine,10,5,3
Medicine,10,6,2
Medicine,10,7,2
Medicine,10,8,2
Medicine,11,1,14
Medicine,11,4,2
Medicine,11,5,1
Medicine,11,6,1
Medicine,11,7,1
Medicine,11,8,1
Medicine,12,1,9
Medicine,12,2,2
Medicine,12,3,2
Medicine,12,4,1
Medicine,12,5,1
Medicine,12,6,1
Medicine,12,8,1
Medicine,13,1,10
Medicine,13,2,1
Medicine,13,3,1
Medicine,13,4,1
Medicine,13,8,1
Medicine,14,1,4
Medicine,14,2,3
Medicine,14,5,3
Medicine,14,7,1
Medicine,14,9,1
Medicine,15,1,7
Medicine,16,1,3
Medicine,16,2,1
Medicine,16,3,1
Medicine,16,4,1
Medicine,16,7,1
Medicine,17,1,3
Medicine,17,2,2
Medicine,17,9,1
Medicine,18,1,3
Medicine,18,4,1
Medicine,18,6,1
Medicine,19,1,2
Medicine,19,2,1
Medicine,20,1,1
Medicine,20,2,1
Medicine,20,3,1
Medicine,21,1,2
Medicine,21,5,1
Medicine,22,1,1
Medicine,22,4,1
Medicine,23,3,1
Neuroscience,1,1,3903
Neuroscience,2,1,28
Neuroscience,2,2,3875
Neuroscience,3,1,2
Neuroscience,3,2,37
Neuroscience,3,3,151
Neuroscience,4,1,1
Neuroscience,4,2,7
Neuroscience,4,3,12
Neuroscience,4,4,12
Neuroscience,5,2,2
Neuroscience,5,3,3
Neuroscience,5,4,6
Neuroscience,5,5,2
Neuroscience,6,1,1
Neuroscience,6,3,1
Neuroscience,6,4,1
Neuroscience,6,5,1
Neuroscience,7,2,1
Neuroscience,7,6,1
Neuroscience,8,2,1
Neuroscience,8,4,1
Neuroscience,9,5,1
Neuroscience,9,7,1
Neuroscience,10,6,1
Neuroscience,10,8,1
Nursing,1,1,2215
Nursing,2,1,6
Nursing,2,2,2209
Nursing,3,1,5
Nursing,3,2,13
Nursing,3,3,77
Nursing,4,2,3
Nursing,4,3,11
Nursing,4,4,10
Nursing,5,2,1
Nursing,5,3,3
Nursing,5,4,2
Nursing,5,5,3
Nursing,6,2,1
Nursing,6,5,1
Nursing,6,6,1
Nursing,7,2,1
Nursing,8,5,1
Nursing,9,2,1
Nursing,10,2,1
Nursing,11,2,1
Nursing,12,4,1
Nursing,13,2,1
Nursing,14,2,1
Nursing,15,6,1
Nursing,16,7,1
Nursing,17,2,1
Nursing,18,2,1
Nursing,19,2,1
Nursing,20,2,1
Nursing,21,2,1
Nursing,22,8,1
"Pharmacology, Toxicology and Pharmaceutics",1,1,1863
"Pharmacology, Toxicology and Pharmaceutics",2,1,7
"Pharmacology, Toxicology and Pharmaceutics",2,2,1856
"Pharmacology, Toxicology and Pharmaceutics",3,2,15
"Pharmacology, Toxicology and Pharmaceutics",3,3,77
"Pharmacology, Toxicology and Pharmaceutics",4,1,1
"Pharmacology, Toxicology and Pharmaceutics",4,2,3
"Pharmacology, Toxicology and Pharmaceutics",4,3,6
"Pharmacology, Toxicology and Pharmaceutics",4,4,8
"Pharmacology, Toxicology and Pharmaceutics",5,2,1
"Pharmacology, Toxicology and Pharmaceutics",5,3,2
"Pharmacology, Toxicology and Pharmaceutics",5,4,3
"Pharmacology, Toxicology and Pharmaceutics",5,5,1
"Pharmacology, Toxicology and Pharmaceutics",6,2,1
"Pharmacology, Toxicology and Pharmaceutics",6,4,1
"Pharmacology, Toxicology and Pharmaceutics",6,5,1
"Pharmacology, Toxicology and Pharmaceutics",7,3,1
"Pharmacology, Toxicology and Pharmaceutics",7,4,1
"Pharmacology, Toxicology and Pharmaceutics",8,5,1
"Pharmacology, Toxicology and Pharmaceutics",9,6,1
"Pharmacology, Toxicology and Pharmaceutics",10,4,1
"Pharmacology, Toxicology and Pharmaceutics",11,3,1
"Pharmacology, Toxicology and Pharmaceutics",12,4,1
"Pharmacology, Toxicology and Pharmaceutics",13,7,1
"Pharmacology, Toxicology and Pharmaceutics",14,8,1
Physics and Astronomy,1,1,16556
Physics and Astronomy,2,1,1029
Physics and Astronomy,2,2,15527
Physics and Astronomy,3,1,283
Physics and Astronomy,3,2,846
Physics and Astronomy,3,3,610
Physics and Astronomy,4,1,95
Physics and Astronomy,4,2,181
Physics and Astronomy,4,3,138
Physics and Astronomy,4,4,37
Physics and Astronomy,5,1,41
Physics and Astronomy,5,2,45
Physics and Astronomy,5,3,42
Physics and Astronomy,5,4,33
Physics and Astronomy,5,5,6
Physics and Astronomy,6,1,20
Physics and Astronomy,6,2,23
Physics and Astronomy,6,3,13
Physics and Astronomy,6,4,11
Physics and Astronomy,6,5,6
Physics and Astronomy,6,6,1
Physics and Astronomy,7,1,9
Physics and Astronomy,7,2,15
Physics and Astronomy,7,3,8
Physics and Astronomy,7,4,6
Physics and Astronomy,7,5,2
Physics and Astronomy,7,6,1
Physics and Astronomy,8,1,7
Physics and Astronomy,8,2,3
Physics and Astronomy,8,3,5
Physics and Astronomy,8,4,1
Physics and Astronomy,8,5,3
Physics and Astronomy,8,6,2
Physics and Astronomy,9,1,2
Physics and Astronomy,9,2,4
Physics and Astronomy,9,3,2
Physics and Astronomy,9,4,1
Physics and Astronomy,9,5,2
Physics and Astronomy,9,6,2
Physics and Astronomy,10,1,2
Physics and Astronomy,10,3,2
Physics and Astronomy,10,4,2
Physics and Astronomy,10,7,1
Physics and Astronomy,11,1,1
Physics and Astronomy,11,2,1
Physics and Astronomy,11,3,1
Physics and Astronomy,12,2,1
Physics and Astronomy,12,3,1
Physics and Astronomy,12,6,1
Physics and Astronomy,13,3,2
Physics and Astronomy,14,8,1
Psychology,1,1,8548
Psychology,2,1,60
Psychology,2,2,8488
Psychology,3,1,8
Psychology,3,2,69
Psychology,3,3,273
Psychology,4,1,3
Psychology,4,2,5
Psychology,4,3,19
Psychology,4,4,29
Psychology,5,1,1
Psychology,5,2,4
Psychology,5,3,3
Psychology,5,4,3
Psychology,5,5,6
Psychology,6,1,1
Psychology,6,3,1
Psychology,6,4,4
Psychology,6,6,2
Psychology,7,1,1
Psychology,7,2,1
Psychology,7,4,1
Psychology,7,5,1
Psychology,7,7,1
Psychology,8,5,3
Social Sciences,1,1,61502
Social Sciences,2,1,1610
Social Sciences,2,2,59892
Social Sciences,3,1,339
Social Sciences,3,2,1505
Social Sciences,3,3,1373
Social Sciences,4,1,129
Social Sciences,4,2,200
Social Sciences,4,3,278
Social Sciences,4,4,94
Social Sciences,5,1,78
Social Sciences,5,2,59
Social Sciences,5,3,82
Social Sciences,5,4,42
Social Sciences,5,5,14
Social Sciences,6,1,35
Social Sciences,6,2,35
Social Sciences,6,3,47
Social Sciences,6,4,37
Social Sciences,6,5,8
Social Sciences,6,6,3
Social Sciences,7,1,29
Social Sciences,7,2,19
Social Sciences,7,3,21
Social Sciences,7,4,8
Social Sciences,7,5,13
Social Sciences,7,6,4
Social Sciences,7,7,1
Social Sciences,8,1,19
Social Sciences,8,2,13
Social Sciences,8,3,16
Social Sciences,8,4,6
Social Sciences,8,5,7
Social Sciences,8,6,5
Social Sciences,9,1,12
Social Sciences,9,2,11
Social Sciences,9,3,7
Social Sciences,9,4,13
Social Sciences,9,5,1
Social Sciences,9,7,2
Social Sciences,10,1,9
Social Sciences,10,2,7
Social Sciences,10,3,2
Social Sciences,10,4,7
Social Sciences,10,5,6
Social Sciences,10,7,1
Social Sciences,10,8,1
Social Sciences,11,1,5
Social Sciences,11,2,5
Social Sciences,11,3,5
Social Sciences,11,4,4
Social Sciences,11,5,1
Social Sciences,11,6,2
Social Sciences,12,1,5
Social Sciences,12,2,3
Social Sciences,12,3,1
Social Sciences,12,4,3
Social Sciences,12,5,4
Social Sciences,12,6,1
Social Sciences,13,1,4
Social Sciences,13,2,3
Social Sciences,13,3,2
Social Sciences,13,5,3
Social Sciences,13,6,1
Social Sciences,13,9,1
Social Sciences,14,1,2
Social Sciences,14,2,1
Social Sciences,14,3,2
Social Sciences,14,4,1
Social Sciences,14,5,2
Social Sciences,14,6,1
Social Sciences,15,1,2
Social Sciences,15,2,1
Social Sciences,15,4,1
Social Sciences,15,5,1
Social Sciences,15,6,1
Social Sciences,16,1,2
Social Sciences,16,2,1
Social Sciences,16,3,1
Social Sciences,16,4,1
Social Sciences,17,1,1
Social Sciences,17,2,2
Social Sciences,17,3,1
Social Sciences,18,1,2
Social Sciences,18,2,1
Social Sciences,18,4,1
Social Sciences,19,1,2
Social Sciences,19,2,2
Social Sciences,20,1,2
Social Sciences,20,2,1
Social Sciences,20,6,1
Social Sciences,21,1,1
Social Sciences,21,2,1
Social Sciences,21,4,1
Social Sciences,21,7,1
Social Sciences,22,1,2
Social Sciences,23,1,1
Social Sciences,23,2,1
Social Sciences,24,3,1
Social Sciences,24,4,1
Social Sciences,25,2,1
Social Sciences,25,3,1
Social Sciences,26,1,1
Social Sciences,26,2,1
Social Sciences,27,1,1
Social Sciences,27,2,1
Social Sciences,28,2,1
Social Sciences,28,7,1
Social Sciences,29,2,1
Social Sciences,30,2,1
Social Sciences,31,2,1
Social Sciences,32,2,1
Social Sciences,33,2,1
Social Sciences,34,2,1
Social Sciences,35,2,1
Social Sciences,36,2,1
Social Sciences,37,2,1
Social Sciences,38,2,1
Social Sciences,39,1,1
Social Sciences,40,4,1
Social Sciences,41,2,1
Social Sciences,42,2,1
Social Sciences,43,2,1
Social Sciences,44,2,1
Social Sciences,45,1,1
Social Sciences,46,5,1
Veterinary,1,1,684
Veterinary,2,1,3
Veterinary,2,2,681
Veterinary,3,1,1
Veterinary,3,2,3
Veterinary,3,3,38
Veterinary,4,3,2
Veterinary,4,4,1
