topic_field_display_name,id,pub_year
Agricultural and Biological Sciences,390,1899
Arts and Humanities,1375,1899
"Biochemistry, Genetics and Molecular Biology",215,1899
"Business, Management and Accounting",89,1899
Chemical Engineering,18,1899
Chemistry,99,1899
Computer Science,112,1899
Decision Sciences,28,1899
Dentistry,19,1899
Earth and Planetary Sciences,170,1899
"Economics, Econometrics and Finance",160,1899
Energy,25,1899
Engineering,565,1899
Environmental Science,228,1899
Health Professions,446,1899
Immunology and Microbiology,30,1899
Materials Science,72,1899
Mathematics,129,1899
Medicine,1365,1899
Neuroscience,71,1899
Nursing,22,1899
"Pharmacology, Toxicology and Pharmaceutics",21,1899
Physics and Astronomy,210,1899
Psychology,95,1899
Social Sciences,1170,1899
Veterinary,9,1899
"Business, Management and Accounting",1,2024
Social Sciences,1,2021
Immunology and Microbiology,1,1903
Computer Science,1,2024
Dentistry,1,1950
Chemical Engineering,1,1901
Decision Sciences,1,1901
Veterinary,1,1936
Chemical Engineering,1,1937
Energy,1,1901
Materials Science,1,1901
Computer Science,1,1902
Decision Sciences,1,1902
Nursing,1,1902
Chemical Engineering,1,1903
Chemistry,1,2022
Decision Sciences,1,1903
Dentistry,1,1903
Psychology,1,1953
Decision Sciences,1,1954
Dentistry,1,1959
Computer Science,1,1900
Decision Sciences,1,1900
Dentistry,1,1934
Chemical Engineering,1,1900
Chemistry,1,1900
Energy,1,1935
Decision Sciences,1,1938
Dentistry,1,1938
Neuroscience,1,1901
Nursing,1,1901
Dentistry,1,1936
Energy,1,1933
"Biochemistry, Genetics and Molecular Biology",1,1972
"Pharmacology, Toxicology and Pharmaceutics",1,1932
Veterinary,1,1998
Decision Sciences,1,1937
Dentistry,1,1937
Energy,1,1937
"Business, Management and Accounting",1,1975
Chemical Engineering,1,1975
Decision Sciences,1,1975
Earth and Planetary Sciences,1,1975
"Pharmacology, Toxicology and Pharmaceutics",1,1931
Chemical Engineering,1,1949
Chemical Engineering,1,1939
Dentistry,1,1973
Agricultural and Biological Sciences,1,1975
Arts and Humanities,1,1975
"Biochemistry, Genetics and Molecular Biology",1,1975
Dentistry,1,1960
Energy,1,1998
Veterinary,1,1951
Veterinary,1,1930
Veterinary,1,1959
Dentistry,1,1931
Energy,1,1931
Dentistry,1,1961
"Pharmacology, Toxicology and Pharmaceutics",1,1951
Medicine,1,1975
Physics and Astronomy,1,1975
Veterinary,1,1976
Chemical Engineering,1,1998
Decision Sciences,1,1929
Immunology and Microbiology,1,1941
"Pharmacology, Toxicology and Pharmaceutics",1,1941
Chemical Engineering,1,1930
Dentistry,1,1930
Energy,1,1930
Chemical Engineering,1,1941
Materials Science,1,2018
Physics and Astronomy,1,2018
Chemical Engineering,1,1995
Decision Sciences,1,1995
"Biochemistry, Genetics and Molecular Biology",1,2018
"Business, Management and Accounting",1,2018
Computer Science,1,2018
Engineering,1,2018
Environmental Science,1,2018
Energy,1,1929
Arts and Humanities,1,1940
"Business, Management and Accounting",1,1940
Physics and Astronomy,1,1940
Chemical Engineering,1,1926
Decision Sciences,1,1926
Physics and Astronomy,1,1996
Energy,1,1926
Energy,1,1927
Veterinary,1,1927
Dentistry,1,1925
Energy,1,1925
Neuroscience,1,1925
Dentistry,1,1942
Dentistry,1,1924
Immunology and Microbiology,1,1924
Nursing,1,1924
Chemical Engineering,1,1923
Decision Sciences,1,1923
Mathematics,1,1995
Neuroscience,1,1921
Chemical Engineering,1,1996
Decision Sciences,1,1996
Earth and Planetary Sciences,1,1996
Environmental Science,1,1996
"Pharmacology, Toxicology and Pharmaceutics",1,1922
Nursing,1,1920
Chemical Engineering,1,1921
Decision Sciences,1,1921
Immunology and Microbiology,1,1921
Materials Science,1,1921
Chemical Engineering,1,2022
Materials Science,1,1981
Dentistry,1,1943
Earth and Planetary Sciences,1,1981
Neuroscience,1,1980
Veterinary,1,1942
Immunology and Microbiology,1,1918
Chemical Engineering,1,1920
Mathematics,1,1920
"Biochemistry, Genetics and Molecular Biology",1,1980
Earth and Planetary Sciences,1,1980
Health Professions,1,1980
Nursing,1,1919
Computer Science,1,2022
Psychology,1,2022
"Economics, Econometrics and Finance",1,2023
Environmental Science,1,2023
Nursing,1,1918
Dentistry,1,1919
Energy,1,1919
Neuroscience,1,1915
Nursing,1,1915
Decision Sciences,1,1916
Energy,1,1916
Immunology and Microbiology,1,1916
Neuroscience,1,1916
Nursing,1,1916
Dentistry,1,1945
Immunology and Microbiology,1,1945
Materials Science,1,1917
Immunology and Microbiology,1,1915
"Pharmacology, Toxicology and Pharmaceutics",1,1954
Veterinary,1,1954
Chemical Engineering,1,1965
Dentistry,1,1912
Computer Science,1,1914
Decision Sciences,1,1914
Chemical Engineering,1,1915
Decision Sciences,1,1915
Dentistry,1,1915
"Pharmacology, Toxicology and Pharmaceutics",1,1944
Dentistry,1,1958
Computer Science,1,1911
Decision Sciences,1,1911
Materials Science,1,1911
Nursing,1,1911
"Pharmacology, Toxicology and Pharmaceutics",1,1911
Nursing,1,1910
Energy,1,1910
Dentistry,1,1908
Immunology and Microbiology,1,1908
Materials Science,1,1908
Neuroscience,1,1908
Energy,1,1947
Chemical Engineering,1,1910
Decision Sciences,1,1910
"Pharmacology, Toxicology and Pharmaceutics",1,1908
Chemical Engineering,1,1909
Computer Science,1,1909
Decision Sciences,1,1909
Nursing,1,1909
"Pharmacology, Toxicology and Pharmaceutics",1,1946
Veterinary,1,1962
Immunology and Microbiology,1,1905
"Pharmacology, Toxicology and Pharmaceutics",1,1905
Veterinary,1,1906
Energy,1,1907
Materials Science,1,1907
Veterinary,1,1988
"Pharmacology, Toxicology and Pharmaceutics",1,1907
Decision Sciences,1,1904
Arts and Humanities,2,2021
Energy,2,1936
Nursing,2,1934
"Pharmacology, Toxicology and Pharmaceutics",2,1934
Veterinary,2,1934
Decision Sciences,2,1935
Nursing,2,1935
Veterinary,2,1969
Immunology and Microbiology,2,1938
Decision Sciences,2,1936
Decision Sciences,2,1933
Dentistry,2,1933
Neuroscience,2,1933
"Pharmacology, Toxicology and Pharmaceutics",2,1933
Veterinary,2,1933
Physics and Astronomy,2,1972
Dentistry,2,1932
"Pharmacology, Toxicology and Pharmaceutics",2,1937
Materials Science,2,1939
Immunology and Microbiology,2,1939
Veterinary,2,1974
"Pharmacology, Toxicology and Pharmaceutics",2,1938
Chemical Engineering,2,1931
Nursing,2,1928
"Pharmacology, Toxicology and Pharmaceutics",2,1928
Veterinary,2,1928
Chemical Engineering,2,1929
Dentistry,2,1941
Energy,2,1941
"Pharmacology, Toxicology and Pharmaceutics",2,1929
Medicine,2,2018
Social Sciences,2,2018
Earth and Planetary Sciences,2,2018
Dentistry,2,1929
Agricultural and Biological Sciences,2,1940
Computer Science,2,1940
Environmental Science,2,1940
Nursing,2,1925
"Pharmacology, Toxicology and Pharmaceutics",2,1925
Dentistry,2,1926
Immunology and Microbiology,2,1926
"Pharmacology, Toxicology and Pharmaceutics",2,1926
Dentistry,2,1927
Nursing,2,1927
Computer Science,2,1925
Neuroscience,2,1942
Neuroscience,2,1923
Chemical Engineering,2,1924
Computer Science,2,1924
Materials Science,2,1923
Decision Sciences,2,1942
Mathematics,2,1921
Nursing,2,1921
"Pharmacology, Toxicology and Pharmaceutics",2,1921
Computer Science,2,1922
Immunology and Microbiology,2,1922
Immunology and Microbiology,2,1981
Psychology,2,1981
Social Sciences,2,1981
Chemical Engineering,2,1943
Decision Sciences,2,1943
Energy,2,1943
Nursing,2,1943
Chemical Engineering,2,1944
"Biochemistry, Genetics and Molecular Biology",2,1981
Medicine,2,1980
"Biochemistry, Genetics and Molecular Biology",2,1918
Chemical Engineering,2,1918
Decision Sciences,2,1918
Energy,2,1918
Dentistry,2,1920
Neuroscience,2,1920
Mathematics,2,1980
Materials Science,2,1905
Neuroscience,2,1905
Nursing,2,1905
Computer Science,2,1906
Dentistry,2,1966
Mathematics,2,1907
Nursing,2,1907
Dentistry,2,1949
Immunology and Microbiology,2,1910
Energy,2,1948
Chemistry,2,1908
Decision Sciences,2,1908
Neuroscience,2,1944
Neuroscience,2,1906
Nursing,2,1906
Chemical Engineering,2,1952
Energy,2,1915
Dentistry,2,1957
Decision Sciences,2,1919
Immunology and Microbiology,2,1946
Neuroscience,2,1903
Materials Science,2,1904
Neuroscience,2,1904
"Pharmacology, Toxicology and Pharmaceutics",2,1904
Chemistry,2,1905
Decision Sciences,2,1905
Dentistry,2,1905
Agricultural and Biological Sciences,2,1953
Dentistry,2,1951
Energy,2,1951
Environmental Science,2,1953
Materials Science,2,1953
Mathematics,2,1953
Mathematics,2,1903
"Pharmacology, Toxicology and Pharmaceutics",2,1963
Dentistry,2,1906
Neuroscience,2,1918
Chemical Engineering,2,1927
Materials Science,2,1996
Social Sciences,2,1996
Energy,2,1903
Neuroscience,2,1911
Nursing,2,1949
Neuroscience,2,1913
Veterinary,2,1985
Energy,2,1902
Chemistry,2,1903
"Pharmacology, Toxicology and Pharmaceutics",2,1945
Decision Sciences,2,1917
Veterinary,2,1944
Immunology and Microbiology,2,1914
Nursing,2,1995
"Business, Management and Accounting",2,1996
Neuroscience,2,1914
Computer Science,2,1996
Neuroscience,2,1910
Chemical Engineering,2,1902
Energy,2,1905
Veterinary,2,1947
Earth and Planetary Sciences,2,1917
Veterinary,2,1958
Veterinary,2,1910
Chemical Engineering,2,1911
Dentistry,2,1900
Materials Science,2,1900
"Pharmacology, Toxicology and Pharmaceutics",2,1900
Psychology,2,1900
Veterinary,2,1900
Dentistry,2,1963
Veterinary,2,1946
Chemical Engineering,2,1947
Materials Science,2,1916
"Pharmacology, Toxicology and Pharmaceutics",2,1917
"Biochemistry, Genetics and Molecular Biology",2,1919
"Pharmacology, Toxicology and Pharmaceutics",2,1901
Psychology,2,1901
Social Sciences,2,2022
Dentistry,2,1909
Neuroscience,2,1909
Dentistry,2,1962
Medicine,3,2022
Computer Science,3,1923
Chemistry,3,1924
Energy,3,1924
Immunology and Microbiology,3,1923
Nursing,3,1923
Physics and Astronomy,3,1920
Psychology,3,1920
"Biochemistry, Genetics and Molecular Biology",3,1921
Materials Science,3,1924
Physics and Astronomy,3,1919
Psychology,3,1919
Veterinary,3,1961
Immunology and Microbiology,3,1998
Neuroscience,3,1945
Computer Science,3,1907
Earth and Planetary Sciences,3,1907
Earth and Planetary Sciences,3,1906
Materials Science,3,1906
"Pharmacology, Toxicology and Pharmaceutics",3,1906
"Pharmacology, Toxicology and Pharmaceutics",3,1909
"Pharmacology, Toxicology and Pharmaceutics",3,1995
"Pharmacology, Toxicology and Pharmaceutics",3,1927
Veterinary,3,1978
Chemical Engineering,3,1928
Materials Science,3,1922
Mathematics,3,1922
Veterinary,3,1941
Neuroscience,3,1926
Nursing,3,1926
Physics and Astronomy,3,1925
Immunology and Microbiology,3,1919
Materials Science,3,1919
Veterinary,3,1935
Earth and Planetary Sciences,3,1934
"Pharmacology, Toxicology and Pharmaceutics",3,1912
Physics and Astronomy,3,1905
Psychology,3,1905
Physics and Astronomy,3,1907
Psychology,3,1907
Neuroscience,3,1938
Psychology,3,1912
Materials Science,3,1913
Nursing,3,1912
Energy,3,1934
Materials Science,3,1943
Energy,3,1944
Immunology and Microbiology,3,1943
Immunology and Microbiology,3,1900
Psychology,3,1998
Chemistry,3,1904
Chemistry,3,1914
Chemical Engineering,3,1948
Dentistry,3,1946
Computer Science,3,1915
Materials Science,3,1914
Psychology,3,1913
Psychology,3,1906
Mathematics,3,1910
Earth and Planetary Sciences,3,1910
Computer Science,3,1931
Decision Sciences,3,1931
Earth and Planetary Sciences,3,1931
Immunology and Microbiology,3,1931
"Pharmacology, Toxicology and Pharmaceutics",3,1930
"Business, Management and Accounting",3,1980
Environmental Science,3,1980
Earth and Planetary Sciences,3,1920
Materials Science,3,1920
Earth and Planetary Sciences,3,1918
Mathematics,3,1918
Computer Science,3,1918
Physics and Astronomy,3,1980
Agricultural and Biological Sciences,3,1980
Decision Sciences,3,1934
Immunology and Microbiology,3,1932
"Biochemistry, Genetics and Molecular Biology",3,1901
Energy,3,1967
Neuroscience,3,1927
Nursing,3,1942
"Pharmacology, Toxicology and Pharmaceutics",3,1942
Decision Sciences,3,1927
Immunology and Microbiology,3,1942
Materials Science,3,1902
Veterinary,3,1992
Energy,3,1950
Nursing,3,1939
Computer Science,3,1928
Immunology and Microbiology,3,1928
Mathematics,3,2018
Engineering,3,1940
Medicine,3,1940
Chemistry,3,1906
Decision Sciences,3,1906
Earth and Planetary Sciences,3,1911
Immunology and Microbiology,3,1911
Chemistry,3,1911
"Business, Management and Accounting",3,1905
Computer Science,3,1905
Mathematics,3,1904
Materials Science,3,1903
"Business, Management and Accounting",3,1904
"Economics, Econometrics and Finance",3,1902
Chemistry,3,1917
Computer Science,3,1917
Dentistry,3,1917
Chemical Engineering,3,1966
Veterinary,3,1991
Earth and Planetary Sciences,3,1901
Immunology and Microbiology,3,1944
Materials Science,3,1944
Chemistry,3,1916
Dentistry,3,1916
"Pharmacology, Toxicology and Pharmaceutics",3,1915
Mathematics,3,1917
Decision Sciences,3,1939
Mathematics,3,1946
Decision Sciences,3,1912
"Pharmacology, Toxicology and Pharmaceutics",3,1958
Nursing,3,1931
Decision Sciences,3,1932
Materials Science,3,1936
"Pharmacology, Toxicology and Pharmaceutics",3,1936
Energy,3,1938
Engineering,3,2025
Veterinary,3,1971
Decision Sciences,3,1941
Earth and Planetary Sciences,3,1908
Neuroscience,3,1929
Decision Sciences,3,1930
Neuroscience,4,1941
Psychology,4,1940
Computer Science,4,1908
Immunology and Microbiology,4,1930
Nursing,4,1929
Earth and Planetary Sciences,4,1941
Energy,4,1995
Chemical Engineering,4,1956
Chemical Engineering,4,1954
Mathematics,4,1975
Veterinary,4,1968
Dentistry,4,1984
Computer Science,4,1903
Decision Sciences,4,1945
Earth and Planetary Sciences,4,1904
Materials Science,4,1940
Mathematics,4,1911
Physics and Astronomy,4,1910
Neuroscience,4,1958
Chemical Engineering,4,1969
Energy,4,1969
Dentistry,4,1977
Neuroscience,4,1928
Energy,4,1955
Energy,4,1949
"Pharmacology, Toxicology and Pharmaceutics",4,1949
Veterinary,4,1949
Chemical Engineering,4,1950
Decision Sciences,4,1950
Immunology and Microbiology,4,1902
Mathematics,4,1902
Chemistry,4,1902
Mathematics,4,1942
Computer Science,4,1927
Nursing,4,1973
Veterinary,4,1967
Veterinary,4,1973
Neuroscience,4,1932
Nursing,4,1932
Neuroscience,4,1919
Materials Science,4,1918
Dentistry,4,1982
Veterinary,4,1963
Nursing,4,1930
Physics and Astronomy,4,1913
Neuroscience,4,1907
Immunology and Microbiology,4,1954
Decision Sciences,4,1946
Earth and Planetary Sciences,4,1946
Earth and Planetary Sciences,4,1915
Veterinary,4,1952
Neuroscience,4,1957
"Pharmacology, Toxicology and Pharmaceutics",4,1998
Social Sciences,4,1980
Physics and Astronomy,4,1900
Dentistry,4,1955
"Pharmacology, Toxicology and Pharmaceutics",4,1956
Neuroscience,4,1937
Physics and Astronomy,4,1981
Earth and Planetary Sciences,4,1944
Psychology,4,1980
"Pharmacology, Toxicology and Pharmaceutics",4,1943
Physics and Astronomy,4,1943
Physics and Astronomy,4,1908
"Biochemistry, Genetics and Molecular Biology",4,1909
Earth and Planetary Sciences,4,1912
Dentistry,4,1947
Mathematics,4,1908
Nursing,4,1938
Dentistry,4,1974
Immunology and Microbiology,4,1913
Mathematics,4,1913
Nursing,4,1937
Immunology and Microbiology,4,1935
"Pharmacology, Toxicology and Pharmaceutics",4,1935
Chemical Engineering,4,1936
Chemical Engineering,4,1942
Psychology,4,1925
Dentistry,4,1922
Chemical Engineering,4,1964
Energy,4,1964
Mathematics,4,1947
Nursing,4,1963
Computer Science,4,1912
Environmental Science,4,1906
Decision Sciences,4,1952
Dentistry,4,1998
"Pharmacology, Toxicology and Pharmaceutics",4,1952
Mathematics,4,1923
Computer Science,4,1921
Earth and Planetary Sciences,4,1921
Veterinary,5,1994
Chemical Engineering,5,1951
Veterinary,5,1950
Chemistry,5,1907
Nursing,5,1945
Dentistry,5,1964
Immunology and Microbiology,5,1974
Energy,5,1960
Mathematics,5,1998
"Business, Management and Accounting",5,1921
Chemistry,5,1922
Energy,5,1961
"Pharmacology, Toxicology and Pharmaceutics",5,1961
Dentistry,5,1952
Energy,5,1952
Immunology and Microbiology,5,1927
Mathematics,5,1926
Computer Science,5,1926
Materials Science,5,1926
Computer Science,5,1935
Dentistry,5,1993
Veterinary,5,1956
Immunology and Microbiology,5,1937
Neuroscience,5,1943
"Business, Management and Accounting",5,1943
Psychology,5,1943
Computer Science,5,1920
"Business, Management and Accounting",5,1908
Chemical Engineering,5,1962
Dentistry,5,1948
Chemical Engineering,5,1989
Computer Science,5,1913
Environmental Science,5,1913
Psychology,5,1910
"Biochemistry, Genetics and Molecular Biology",5,1911
"Business, Management and Accounting",5,1912
Decision Sciences,5,1949
Nursing,5,1998
Veterinary,5,1982
Neuroscience,5,1934
Dentistry,5,1971
Veterinary,5,1993
Mathematics,5,1905
Engineering,5,1953
"Economics, Econometrics and Finance",5,1904
Energy,5,1954
Physics and Astronomy,5,1947
"Pharmacology, Toxicology and Pharmaceutics",5,1957
Veterinary,5,1984
Nursing,5,1964
Veterinary,5,1964
Chemistry,5,1915
Nursing,5,1914
Neuroscience,5,1946
Energy,5,1939
Energy,5,1956
Veterinary,5,1932
Chemical Engineering,5,1933
Earth and Planetary Sciences,5,1933
"Business, Management and Accounting",5,1900
Materials Science,5,1927
Dentistry,5,1968
Energy,5,1968
Psychology,5,1931
Nursing,5,1976
Nursing,5,1955
"Pharmacology, Toxicology and Pharmaceutics",5,1955
Neuroscience,5,1939
Dentistry,5,1978
Chemical Engineering,5,1958
Decision Sciences,5,1958
"Economics, Econometrics and Finance",5,1903
Psychology,5,1902
"Business, Management and Accounting",5,1903
Chemistry,5,1901
Earth and Planetary Sciences,5,1903
Chemical Engineering,5,1945
Veterinary,5,1965
Psychology,5,1917
"Business, Management and Accounting",5,1916
"Economics, Econometrics and Finance",5,1916
Energy,5,1957
Psychology,5,1995
Chemistry,5,1909
Energy,5,1958
Veterinary,5,1955
Nursing,5,1971
Nursing,5,1936
Neuroscience,6,1936
Nursing,6,1970
"Pharmacology, Toxicology and Pharmaceutics",6,1950
Psychology,6,1937
Veterinary,6,1970
Chemistry,6,1923
Earth and Planetary Sciences,6,1923
"Business, Management and Accounting",6,1909
Decision Sciences,6,1947
"Business, Management and Accounting",6,1917
Psychology,6,1916
Dentistry,6,1992
Computer Science,6,1916
Environmental Science,6,1908
Immunology and Microbiology,6,1929
Nursing,6,1941
Materials Science,6,1945
Nursing,6,1992
Earth and Planetary Sciences,6,1945
Computer Science,6,1901
"Economics, Econometrics and Finance",6,1901
Mathematics,6,1950
Psychology,6,1915
Physics and Astronomy,6,1944
Nursing,6,1913
Mathematics,6,1914
"Biochemistry, Genetics and Molecular Biology",6,1905
"Biochemistry, Genetics and Molecular Biology",6,1904
Dentistry,6,1967
Chemical Engineering,6,1967
Materials Science,6,1928
Chemical Engineering,6,1955
Neuroscience,6,1931
Dentistry,6,1954
"Business, Management and Accounting",6,1901
Computer Science,6,1929
Chemical Engineering,6,1932
Computer Science,6,1932
Computer Science,6,1975
Physics and Astronomy,6,1902
Psychology,6,1928
"Business, Management and Accounting",6,1918
Earth and Planetary Sciences,6,1905
"Pharmacology, Toxicology and Pharmaceutics",6,1964
"Pharmacology, Toxicology and Pharmaceutics",6,1947
Mathematics,6,1916
Immunology and Microbiology,6,1933
Nursing,6,1965
Materials Science,6,1946
Nursing,6,1946
Psychology,6,1914
Nursing,6,1983
"Biochemistry, Genetics and Molecular Biology",6,1924
Physics and Astronomy,6,1924
"Biochemistry, Genetics and Molecular Biology",6,1907
Computer Science,6,1943
Neuroscience,6,1952
Earth and Planetary Sciences,6,1927
Earth and Planetary Sciences,6,1925
Mathematics,6,1925
Nursing,6,1951
Earth and Planetary Sciences,6,1943
"Business, Management and Accounting",6,1944
"Biochemistry, Genetics and Molecular Biology",6,1920
Nursing,6,1956
Neuroscience,6,1912
Energy,6,1965
"Pharmacology, Toxicology and Pharmaceutics",6,1962
Environmental Science,6,1907
Chemistry,6,1920
Dentistry,6,1990
"Business, Management and Accounting",6,1946
Computer Science,6,1946
"Pharmacology, Toxicology and Pharmaceutics",6,1948
"Biochemistry, Genetics and Molecular Biology",6,1912
Veterinary,6,1989
Veterinary,6,1979
Physics and Astronomy,6,1911
Physics and Astronomy,6,1942
Materials Science,6,1938
Materials Science,6,1947
"Business, Management and Accounting",6,1995
Immunology and Microbiology,6,1960
"Pharmacology, Toxicology and Pharmaceutics",6,1960
Health Professions,6,1921
Mathematics,6,1924
Mathematics,6,1961
Health Professions,7,1928
Chemistry,7,1928
Psychology,7,1904
Computer Science,7,1904
Health Professions,7,1904
Physics and Astronomy,7,1904
Physics and Astronomy,7,1914
Energy,7,1973
Chemistry,7,1934
Chemical Engineering,7,1957
"Biochemistry, Genetics and Molecular Biology",7,1915
"Economics, Econometrics and Finance",7,1914
Psychology,7,1908
Mathematics,7,1909
Engineering,7,1908
Neuroscience,7,1995
Chemical Engineering,7,1970
Dentistry,7,1970
Mathematics,7,1915
Dentistry,7,1983
Materials Science,7,1929
Computer Science,7,1939
Mathematics,7,1940
Nursing,7,1950
Neuroscience,7,1955
Earth and Planetary Sciences,7,1902
Nursing,7,1968
Engineering,7,1975
Decision Sciences,7,1963
Nursing,7,1944
"Biochemistry, Genetics and Molecular Biology",7,1917
Physics and Astronomy,7,1916
"Biochemistry, Genetics and Molecular Biology",7,1902
"Business, Management and Accounting",7,1902
Chemistry,7,1918
Nursing,7,1982
Materials Science,7,1934
"Pharmacology, Toxicology and Pharmaceutics",7,1959
Immunology and Microbiology,7,1995
Mathematics,7,1951
Immunology and Microbiology,7,1951
Chemical Engineering,7,1961
"Economics, Econometrics and Finance",7,1919
Mathematics,7,1912
Materials Science,7,1930
Materials Science,7,1931
Nursing,7,1948
Neuroscience,7,1900
"Economics, Econometrics and Finance",7,1918
Engineering,7,1980
"Business, Management and Accounting",7,1919
Psychology,7,1926
Decision Sciences,7,1998
Chemistry,7,1936
Computer Science,7,1944
Environmental Science,7,1924
"Economics, Econometrics and Finance",7,1921
Chemistry,7,1921
Nursing,7,1961
Physics and Astronomy,7,1923
Chemical Engineering,7,1960
Neuroscience,7,1998
Nursing,7,1952
Environmental Science,7,1923
Neuroscience,7,1924
Nursing,7,1947
Physics and Astronomy,7,1906
Computer Science,7,1910
Energy,7,1963
Materials Science,7,1910
Neuroscience,7,1947
Mathematics,7,1945
Earth and Planetary Sciences,7,1947
Health Professions,7,1906
Decision Sciences,7,1951
Veterinary,7,1960
Immunology and Microbiology,8,1969
Mathematics,8,1943
Chemistry,8,1943
Engineering,8,1981
"Business, Management and Accounting",8,1920
Environmental Science,8,1919
Mathematics,8,1919
Physics and Astronomy,8,1918
Chemical Engineering,8,1973
Veterinary,8,2001
"Biochemistry, Genetics and Molecular Biology",8,1900
Earth and Planetary Sciences,8,1900
Veterinary,8,1999
Dentistry,8,1994
Chemical Engineering,8,1971
Immunology and Microbiology,8,1934
Neuroscience,8,1935
Energy,8,1959
Health Professions,8,1903
"Biochemistry, Genetics and Molecular Biology",8,1903
Chemical Engineering,8,1991
Neuroscience,8,1950
Materials Science,8,1949
"Economics, Econometrics and Finance",8,1931
Mathematics,8,1931
"Economics, Econometrics and Finance",8,1907
Environmental Science,8,1905
Decision Sciences,8,1948
Veterinary,8,1948
Medicine,8,1953
Chemistry,8,1939
"Pharmacology, Toxicology and Pharmaceutics",8,1967
Decision Sciences,8,1955
Psychology,8,1944
"Pharmacology, Toxicology and Pharmaceutics",8,1966
Physics and Astronomy,8,1915
Mathematics,8,1944
Dentistry,8,1976
Earth and Planetary Sciences,8,1929
Computer Science,8,1941
Materials Science,8,1941
Mathematics,8,1941
"Economics, Econometrics and Finance",8,1908
Veterinary,8,1986
Chemical Engineering,8,1987
Dentistry,8,1987
Neuroscience,8,1930
"Business, Management and Accounting",8,1914
Dentistry,8,1965
Chemistry,8,1912
Physics and Astronomy,8,1909
"Business, Management and Accounting",8,1910
"Biochemistry, Genetics and Molecular Biology",8,1923
Psychology,8,1924
"Biochemistry, Genetics and Molecular Biology",8,1922
Psychology,8,1921
Dentistry,8,1979
Computer Science,8,1942
Decision Sciences,8,1956
Energy,8,1970
Nursing,9,1969
Nursing,9,1960
Physics and Astronomy,9,1951
Neuroscience,9,1951
"Pharmacology, Toxicology and Pharmaceutics",9,1993
"Business, Management and Accounting",9,1998
Veterinary,9,1997
Nursing,9,1959
Physics and Astronomy,9,1921
Chemistry,9,1910
Psychology,9,1923
Decision Sciences,9,1964
Psychology,9,1911
Psychology,9,1922
"Business, Management and Accounting",9,1924
Agricultural and Biological Sciences,9,1921
Earth and Planetary Sciences,9,1922
"Economics, Econometrics and Finance",9,1922
Chemical Engineering,9,1979
Physics and Astronomy,9,1912
"Economics, Econometrics and Finance",9,1941
Chemistry,9,1941
Mathematics,9,1928
Nursing,9,1977
Chemical Engineering,9,1976
Agricultural and Biological Sciences,9,1917
"Economics, Econometrics and Finance",9,1905
Psychology,9,1903
Chemical Engineering,9,1968
Veterinary,9,1966
Energy,9,1966
Decision Sciences,9,1957
Psychology,9,1930
"Economics, Econometrics and Finance",9,1910
Immunology and Microbiology,9,1957
"Biochemistry, Genetics and Molecular Biology",9,1913
Earth and Planetary Sciences,9,1932
Energy,9,1974
Materials Science,9,1932
Nursing,9,1962
Chemistry,9,1931
Physics and Astronomy,9,1903
"Business, Management and Accounting",9,1906
Nursing,9,1954
"Economics, Econometrics and Finance",9,1900
Mathematics,9,1934
Psychology,9,1942
Environmental Science,9,1995
Nursing,9,1979
Materials Science,9,1935
Computer Science,9,1934
Chemical Engineering,9,1992
Mathematics,9,1901
Mathematics,10,1954
Mathematics,10,1927
"Biochemistry, Genetics and Molecular Biology",10,1916
Environmental Science,10,1903
Neuroscience,10,1971
Energy,10,1971
Nursing,10,1958
Psychology,10,1934
Environmental Science,10,1934
Computer Science,10,1949
Psychology,10,1918
Immunology and Microbiology,10,1971
Psychology,10,1933
Physics and Astronomy,10,1933
"Economics, Econometrics and Finance",10,1917
Immunology and Microbiology,10,1958
Nursing,10,1966
Earth and Planetary Sciences,10,1916
Chemical Engineering,10,1982
Earth and Planetary Sciences,10,1909
"Economics, Econometrics and Finance",10,1906
Environmental Science,10,1915
Dentistry,10,1985
"Economics, Econometrics and Finance",10,1915
Earth and Planetary Sciences,10,1914
Engineering,10,1914
Health Professions,10,1907
Mathematics,10,1956
Neuroscience,10,1961
Decision Sciences,10,1961
Chemistry,10,1926
Environmental Science,10,1911
Physics and Astronomy,10,1922
"Economics, Econometrics and Finance",10,1911
Earth and Planetary Sciences,10,1924
Physics and Astronomy,10,1926
"Pharmacology, Toxicology and Pharmaceutics",10,1969
"Biochemistry, Genetics and Molecular Biology",10,1943
Computer Science,10,1980
Environmental Science,10,1918
Physics and Astronomy,10,1931
"Economics, Econometrics and Finance",10,1948
Neuroscience,10,1948
Dentistry,10,1989
Dentistry,10,1969
Psychology,10,1936
"Economics, Econometrics and Finance",10,1943
Psychology,10,1941
Computer Science,10,1937
Decision Sciences,10,1959
Materials Science,10,1933
Engineering,11,1917
Nursing,11,1957
Veterinary,11,1983
Psychology,11,1929
Environmental Science,11,1921
Agricultural and Biological Sciences,11,1910
"Biochemistry, Genetics and Molecular Biology",11,1910
"Biochemistry, Genetics and Molecular Biology",11,1925
"Economics, Econometrics and Finance",11,1927
Psychology,11,1927
Materials Science,11,1937
Physics and Astronomy,11,1956
Immunology and Microbiology,11,1956
Computer Science,11,1952
Neuroscience,11,1960
"Biochemistry, Genetics and Molecular Biology",11,1938
Physics and Astronomy,11,1930
Nursing,11,1974
"Business, Management and Accounting",11,1907
Dentistry,11,1988
Environmental Science,11,1909
Environmental Science,11,1912
Chemistry,11,1913
"Biochemistry, Genetics and Molecular Biology",11,1914
Immunology and Microbiology,11,1955
Environmental Science,11,1914
"Business, Management and Accounting",11,1938
Nursing,11,1978
Chemical Engineering,11,1990
Physics and Astronomy,11,1932
Earth and Planetary Sciences,11,1956
Environmental Science,11,1901
Veterinary,11,2000
Neuroscience,11,1973
Chemical Engineering,11,1963
Engineering,11,1900
Physics and Astronomy,11,1934
Physics and Astronomy,11,1901
Immunology and Microbiology,11,1949
Dentistry,11,1991
Immunology and Microbiology,11,1950
"Pharmacology, Toxicology and Pharmaceutics",11,1968
Veterinary,11,2004
Veterinary,11,2003
Veterinary,11,2002
Physics and Astronomy,11,1938
Mathematics,11,1938
Earth and Planetary Sciences,11,1948
Agricultural and Biological Sciences,11,1906
Psychology,11,1938
Environmental Science,11,1939
"Economics, Econometrics and Finance",11,1920
Agricultural and Biological Sciences,11,1919
Immunology and Microbiology,11,1967
Physics and Astronomy,11,1941
Immunology and Microbiology,11,1936
Physics and Astronomy,11,1950
Earth and Planetary Sciences,11,1995
"Economics, Econometrics and Finance",12,1928
Chemistry,12,1929
Physics and Astronomy,12,1928
Environmental Science,12,1904
"Business, Management and Accounting",12,1948
Agricultural and Biological Sciences,12,1903
Health Professions,12,1902
Materials Science,12,1950
Energy,12,1991
Immunology and Microbiology,12,1948
"Business, Management and Accounting",12,1952
Chemistry,12,1998
"Business, Management and Accounting",12,1926
"Biochemistry, Genetics and Molecular Biology",12,1927
Earth and Planetary Sciences,12,1926
Environmental Science,12,1942
"Business, Management and Accounting",12,1967
Nursing,12,1988
Decision Sciences,12,1967
Health Professions,12,1909
"Business, Management and Accounting",12,1964
Psychology,12,1909
"Business, Management and Accounting",12,1911
Dentistry,12,1986
Chemistry,12,1946
Physics and Astronomy,12,1945
Health Professions,12,1924
Chemistry,12,1995
Earth and Planetary Sciences,12,1919
Environmental Science,12,1945
Engineering,12,1918
"Economics, Econometrics and Finance",12,1945
Health Professions,12,1917
Physics and Astronomy,12,1939
Neuroscience,12,1954
"Pharmacology, Toxicology and Pharmaceutics",12,1974
Chemical Engineering,12,1959
Immunology and Microbiology,12,1968
Health Professions,12,1915
Environmental Science,12,1944
Decision Sciences,12,1966
"Economics, Econometrics and Finance",12,1949
Mathematics,12,1949
Neuroscience,12,1949
Computer Science,12,1919
Environmental Science,12,1920
Chemistry,12,1919
Engineering,12,1921
Health Professions,12,1912
Health Professions,12,1913
Earth and Planetary Sciences,12,1913
"Economics, Econometrics and Finance",12,1925
"Economics, Econometrics and Finance",12,1932
Chemistry,12,1933
Mathematics,12,1933
Earth and Planetary Sciences,12,1955
"Biochemistry, Genetics and Molecular Biology",13,1926
Immunology and Microbiology,13,1963
Mathematics,13,1959
Earth and Planetary Sciences,13,1942
Nursing,13,1967
Immunology and Microbiology,13,1947
Environmental Science,13,1947
Materials Science,13,1942
Decision Sciences,13,1977
Chemical Engineering,13,1978
Computer Science,13,1958
Environmental Science,13,1928
Mathematics,13,1948
Engineering,13,1910
Energy,13,1987
Mathematics,13,1963
Computer Science,13,1947
Immunology and Microbiology,13,1961
"Economics, Econometrics and Finance",13,1944
"Business, Management and Accounting",13,1922
Mathematics,13,1960
Health Professions,13,1923
"Economics, Econometrics and Finance",13,1995
Health Professions,13,1995
"Pharmacology, Toxicology and Pharmaceutics",13,1965
Neuroscience,13,1965
"Business, Management and Accounting",13,1913
"Economics, Econometrics and Finance",13,1913
Computer Science,13,1950
Computer Science,13,1945
Health Professions,13,1918
Physics and Astronomy,13,1917
"Business, Management and Accounting",13,1915
Chemical Engineering,13,1985
Chemical Engineering,13,1984
Health Professions,13,1916
"Business, Management and Accounting",13,1939
Earth and Planetary Sciences,13,1930
Immunology and Microbiology,13,1962
Energy,13,1962
"Biochemistry, Genetics and Molecular Biology",13,1906
"Business, Management and Accounting",13,1928
Mathematics,13,1937
Earth and Planetary Sciences,13,1928
Earth and Planetary Sciences,13,1950
"Business, Management and Accounting",13,1934
"Business, Management and Accounting",13,1936
Physics and Astronomy,13,1929
"Business, Management and Accounting",13,1941
"Economics, Econometrics and Finance",13,1930
Neuroscience,13,1974
"Business, Management and Accounting",13,1931
Decision Sciences,13,1973
Mathematics,13,1957
Mathematics,13,1939
"Business, Management and Accounting",13,1933
Computer Science,13,1933
Mathematics,14,1955
"Business, Management and Accounting",14,1955
Health Professions,14,1932
Earth and Planetary Sciences,14,1957
"Business, Management and Accounting",14,1935
Psychology,14,1932
"Economics, Econometrics and Finance",14,1955
Earth and Planetary Sciences,14,1935
Neuroscience,14,1968
Earth and Planetary Sciences,14,1936
"Business, Management and Accounting",14,1956
Computer Science,14,1930
"Business, Management and Accounting",14,1930
Mathematics,14,1958
Immunology and Microbiology,14,1973
Dentistry,14,1997
"Business, Management and Accounting",14,1923
Neuroscience,14,1979
Chemical Engineering,14,1983
Environmental Science,14,1917
Decision Sciences,14,1985
"Business, Management and Accounting",14,1945
Engineering,14,1924
Earth and Planetary Sciences,14,1949
Earth and Planetary Sciences,14,1951
Materials Science,14,1995
"Business, Management and Accounting",14,1951
"Business, Management and Accounting",14,1961
Health Professions,14,1998
Health Professions,14,1908
Neuroscience,14,1963
Psychology,14,1946
Chemical Engineering,14,1988
Health Professions,14,1910
Engineering,14,1911
Veterinary,14,1990
Immunology and Microbiology,14,1992
Engineering,14,1901
Psychology,14,1939
Immunology and Microbiology,14,1977
Mathematics,14,1962
Immunology and Microbiology,14,1979
"Business, Management and Accounting",14,1958
Physics and Astronomy,14,1936
Computer Science,14,1956
Immunology and Microbiology,15,1952
Chemical Engineering,15,1997
Engineering,15,1920
Decision Sciences,15,1960
"Biochemistry, Genetics and Molecular Biology",15,1942
"Business, Management and Accounting",15,1942
Energy,15,1978
"Economics, Econometrics and Finance",15,1924
Earth and Planetary Sciences,15,1962
"Pharmacology, Toxicology and Pharmaceutics",15,1991
Engineering,15,1902
Agricultural and Biological Sciences,15,1912
Psychology,15,1935
Physics and Astronomy,15,1937
Chemical Engineering,15,1986
Nursing,15,1985
Environmental Science,15,1900
Chemistry,15,1925
Energy,15,1986
Agricultural and Biological Sciences,15,1909
"Pharmacology, Toxicology and Pharmaceutics",15,1986
Nursing,15,1987
Energy,15,1989
Engineering,15,1909
"Business, Management and Accounting",15,1949
Neuroscience,15,1964
Psychology,15,1945
Nursing,15,1993
Computer Science,15,1961
Computer Science,15,1936
Mathematics,15,1936
Veterinary,15,2006
Immunology and Microbiology,15,1970
"Biochemistry, Genetics and Molecular Biology",15,1933
Chemical Engineering,15,1974
Engineering,15,1904
"Biochemistry, Genetics and Molecular Biology",15,1928
Decision Sciences,15,1962
"Biochemistry, Genetics and Molecular Biology",15,1944
Decision Sciences,15,1984
Health Professions,15,1905
Chemical Engineering,15,1977
Physics and Astronomy,15,1927
Decision Sciences,15,1978
"Economics, Econometrics and Finance",15,1956
Veterinary,15,2012
Neuroscience,15,1956
Engineering,16,1996
Chemistry,16,1944
Neuroscience,16,1959
Mathematics,16,1952
"Economics, Econometrics and Finance",16,1960
Health Professions,16,1934
"Business, Management and Accounting",16,1957
Health Professions,16,1935
Health Professions,16,1933
Decision Sciences,16,1969
"Biochemistry, Genetics and Molecular Biology",16,1930
"Biochemistry, Genetics and Molecular Biology",16,1941
Chemistry,16,1932
Computer Science,16,1955
Immunology and Microbiology,16,1964
Materials Science,16,1948
Decision Sciences,16,1991
Psychology,16,1949
Health Professions,16,1901
"Biochemistry, Genetics and Molecular Biology",16,1908
Physics and Astronomy,16,1946
Chemistry,16,1947
Chemical Engineering,16,1994
Computer Science,16,1951
Health Professions,16,1925
Health Professions,16,1900
Agricultural and Biological Sciences,16,1901
"Economics, Econometrics and Finance",16,1936
Immunology and Microbiology,16,1983
"Pharmacology, Toxicology and Pharmaceutics",16,1982
Decision Sciences,16,1982
Agricultural and Biological Sciences,16,1916
Materials Science,16,1956
Health Professions,16,1914
Environmental Science,16,1916
Engineering,16,1919
Materials Science,16,1952
Computer Science,16,1957
Environmental Science,16,1929
"Pharmacology, Toxicology and Pharmaceutics",16,1989
Agricultural and Biological Sciences,16,1907
"Business, Management and Accounting",16,1937
Veterinary,17,2017
"Economics, Econometrics and Finance",17,1933
Chemistry,17,1938
Mathematics,17,1935
"Economics, Econometrics and Finance",17,1935
Physics and Astronomy,17,1949
Computer Science,17,1948
Environmental Science,17,1902
Engineering,17,1906
Agricultural and Biological Sciences,17,1905
"Business, Management and Accounting",17,1950
"Pharmacology, Toxicology and Pharmaceutics",17,1985
Agricultural and Biological Sciences,17,1908
Energy,17,1990
Chemical Engineering,17,1993
Decision Sciences,17,1986
Immunology and Microbiology,17,1965
Agricultural and Biological Sciences,17,1915
Nursing,17,1984
Engineering,17,1912
Health Professions,17,1911
Health Professions,17,1922
Environmental Science,17,1922
"Business, Management and Accounting",17,1925
"Economics, Econometrics and Finance",17,1926
"Business, Management and Accounting",17,1960
Engineering,17,1943
Environmental Science,17,1926
Immunology and Microbiology,17,1959
Earth and Planetary Sciences,17,1959
Nursing,17,1997
Psychology,17,1951
"Pharmacology, Toxicology and Pharmaceutics",17,1997
Decision Sciences,17,1968
Neuroscience,17,1967
"Business, Management and Accounting",17,1929
"Pharmacology, Toxicology and Pharmaceutics",17,1978
Psychology,17,1955
"Pharmacology, Toxicology and Pharmaceutics",17,1977
Energy,17,1977
Health Professions,17,1941
Environmental Science,17,1936
Earth and Planetary Sciences,17,1938
Health Professions,17,1930
Neuroscience,17,1970
Environmental Science,17,1930
Mathematics,17,1930
Decision Sciences,17,1974
Veterinary,17,2016
Computer Science,17,1959
Veterinary,17,2007
Decision Sciences,18,1965
Chemistry,18,1942
Health Professions,18,1942
Energy,18,1979
Chemistry,18,1927
Earth and Planetary Sciences,18,1952
Materials Science,18,1998
Agricultural and Biological Sciences,18,1928
Dentistry,18,1999
Dentistry,18,2000
Psychology,18,1959
Health Professions,18,1943
"Business, Management and Accounting",18,1927
Engineering,18,1922
Health Professions,18,1944
Environmental Science,18,1925
Decision Sciences,18,1976
Environmental Science,18,1931
Agricultural and Biological Sciences,18,1939
Veterinary,18,2011
Nursing,18,1986
Environmental Science,18,1910
Neuroscience,18,1993
Agricultural and Biological Sciences,18,1900
Engineering,18,1923
Psychology,18,1950
Neuroscience,18,1966
Psychology,18,1954
"Pharmacology, Toxicology and Pharmaceutics",18,1990
Agricultural and Biological Sciences,18,1902
Decision Sciences,18,1989
Mathematics,18,1932
"Biochemistry, Genetics and Molecular Biology",18,1935
Mathematics,18,1929
Psychology,18,1958
"Pharmacology, Toxicology and Pharmaceutics",18,1970
Chemistry,18,1937
Computer Science,18,1938
"Economics, Econometrics and Finance",18,1938
"Economics, Econometrics and Finance",18,1939
Agricultural and Biological Sciences,19,1926
Health Professions,19,1926
Psychology,19,1952
Agricultural and Biological Sciences,19,1920
Agricultural and Biological Sciences,19,1922
Neuroscience,19,1962
Engineering,19,1905
"Economics, Econometrics and Finance",19,1947
Immunology and Microbiology,19,1988
Neuroscience,19,1969
"Economics, Econometrics and Finance",19,1934
Mathematics,19,1964
"Economics, Econometrics and Finance",19,1946
Nursing,19,1989
"Business, Management and Accounting",19,1947
Environmental Science,19,1946
Agricultural and Biological Sciences,19,1914
Energy,19,1985
Neuroscience,19,1982
"Economics, Econometrics and Finance",19,1923
Mathematics,19,1971
Decision Sciences,19,1971
"Pharmacology, Toxicology and Pharmaceutics",19,1976
Agricultural and Biological Sciences,19,1995
Computer Science,19,1954
Mathematics,20,1967
Chemical Engineering,20,1999
Immunology and Microbiology,20,1978
Chemistry,20,1945
Nursing,20,1994
"Business, Management and Accounting",20,1963
"Pharmacology, Toxicology and Pharmaceutics",20,1988
Psychology,20,1948
"Economics, Econometrics and Finance",20,1964
"Pharmacology, Toxicology and Pharmaceutics",20,1992
Agricultural and Biological Sciences,20,1904
Engineering,20,1925
Environmental Science,20,1943
Health Professions,20,1920
Immunology and Microbiology,20,1966
Agricultural and Biological Sciences,20,1918
Agricultural and Biological Sciences,20,1911
Earth and Planetary Sciences,20,1961
Materials Science,20,1951
Agricultural and Biological Sciences,20,1913
Earth and Planetary Sciences,20,1939
Earth and Planetary Sciences,20,1968
Immunology and Microbiology,20,1976
Health Professions,20,1931
Energy,20,1976
"Economics, Econometrics and Finance",20,1929
Environmental Science,20,1938
Environmental Science,21,1927
"Business, Management and Accounting",21,1954
Physics and Astronomy,21,1948
Nursing,21,1990
"Economics, Econometrics and Finance",21,1909
Energy,21,1997
"Economics, Econometrics and Finance",21,1912
"Business, Management and Accounting",21,1932
Energy,21,1994
Earth and Planetary Sciences,21,1937
Chemistry,21,1935
Environmental Science,21,1935
Physics and Astronomy,21,1935
"Biochemistry, Genetics and Molecular Biology",21,1936
Chemical Engineering,21,2000
Health Professions,21,1938
"Business, Management and Accounting",21,1962
"Economics, Econometrics and Finance",21,1942
Decision Sciences,22,1983
Computer Science,22,1962
Energy,22,1984
Health Professions,22,1927
"Economics, Econometrics and Finance",22,1950
Chemistry,22,1949
Psychology,22,1957
"Pharmacology, Toxicology and Pharmaceutics",22,1987
"Business, Management and Accounting",22,1973
Immunology and Microbiology,22,1994
Engineering,22,1913
"Biochemistry, Genetics and Molecular Biology",22,1931
Environmental Science,22,1937
Computer Science,22,1995
"Business, Management and Accounting",22,1965
Health Professions,22,1936
"Biochemistry, Genetics and Molecular Biology",22,1937
Environmental Science,22,1941
Engineering,22,1945
Veterinary,22,2005
Earth and Planetary Sciences,22,1954
Physics and Astronomy,22,1954
Immunology and Microbiology,22,1989
Energy,23,1988
"Pharmacology, Toxicology and Pharmaceutics",23,1973
Engineering,23,1915
Environmental Science,23,1933
Materials Science,23,1954
Neuroscience,23,1976
Psychology,23,1947
Environmental Science,23,1932
"Business, Management and Accounting",23,1959
Materials Science,23,1955
Energy,23,1992
Mathematics,23,1979
Agricultural and Biological Sciences,23,1929
Immunology and Microbiology,23,1985
Engineering,23,1907
Health Professions,23,1937
Nursing,23,1999
"Business, Management and Accounting",23,1968
Health Professions,23,1939
Agricultural and Biological Sciences,23,1941
Veterinary,23,2013
Health Professions,23,1929
Earth and Planetary Sciences,23,1998
Mathematics,23,1978
"Economics, Econometrics and Finance",23,1958
Health Professions,23,1919
Environmental Science,23,1949
Immunology and Microbiology,24,1993
"Economics, Econometrics and Finance",24,1954
Materials Science,24,1958
Engineering,24,1926
Physics and Astronomy,24,1952
Mathematics,24,1966
Agricultural and Biological Sciences,24,1944
Decision Sciences,24,1988
"Biochemistry, Genetics and Molecular Biology",24,1995
Materials Science,24,1961
"Economics, Econometrics and Finance",24,1965
Decision Sciences,24,1970
"Pharmacology, Toxicology and Pharmaceutics",24,1999
Health Professions,24,1945
Computer Science,24,1966
Psychology,24,1966
Chemistry,24,1930
Neuroscience,24,1983
Physics and Astronomy,24,1955
"Economics, Econometrics and Finance",24,1998
Mathematics,25,1973
Decision Sciences,25,1997
"Biochemistry, Genetics and Molecular Biology",25,1932
Veterinary,25,2008
Decision Sciences,25,1993
Energy,25,1993
Immunology and Microbiology,25,1986
"Economics, Econometrics and Finance",25,1963
Agricultural and Biological Sciences,25,1938
"Economics, Econometrics and Finance",25,1937
Mathematics,25,1965
Computer Science,25,1964
Engineering,25,1938
Neuroscience,25,1978
Immunology and Microbiology,25,1982
Neuroscience,25,1991
Earth and Planetary Sciences,25,1966
Computer Science,25,1967
"Biochemistry, Genetics and Molecular Biology",25,1946
Psychology,25,1956
Agricultural and Biological Sciences,26,1942
"Pharmacology, Toxicology and Pharmaceutics",26,1994
"Pharmacology, Toxicology and Pharmaceutics",26,1979
Earth and Planetary Sciences,26,1967
Engineering,26,1928
"Biochemistry, Genetics and Molecular Biology",26,1945
"Business, Management and Accounting",26,1966
Veterinary,26,2015
Immunology and Microbiology,26,1991
Earth and Planetary Sciences,26,1963
"Economics, Econometrics and Finance",26,1952
Psychology,26,1963
Earth and Planetary Sciences,26,1960
Earth and Planetary Sciences,26,1965
"Biochemistry, Genetics and Molecular Biology",27,1929
"Biochemistry, Genetics and Molecular Biology",27,1934
"Biochemistry, Genetics and Molecular Biology",27,1939
"Biochemistry, Genetics and Molecular Biology",27,1998
Dentistry,27,2007
Psychology,27,1965
Energy,27,1983
Decision Sciences,27,1987
Mathematics,27,1970
Immunology and Microbiology,27,1984
Health Professions,27,1959
Agricultural and Biological Sciences,27,1925
"Economics, Econometrics and Finance",27,1951
"Economics, Econometrics and Finance",27,1959
Mathematics,27,1982
Decision Sciences,28,1992
Health Professions,28,1948
Earth and Planetary Sciences,28,1964
"Pharmacology, Toxicology and Pharmaceutics",28,1984
"Pharmacology, Toxicology and Pharmaceutics",28,1971
Energy,28,1982
Nursing,28,2001
Neuroscience,28,1977
Decision Sciences,28,1990
"Economics, Econometrics and Finance",28,1957
Dentistry,28,2002
Health Professions,28,1963
Materials Science,28,1960
Immunology and Microbiology,28,1990
Health Professions,28,1957
Physics and Astronomy,28,1957
Engineering,29,1916
Health Professions,29,1954
Engineering,29,1931
Environmental Science,29,1948
Neuroscience,29,1984
"Pharmacology, Toxicology and Pharmaceutics",29,1983
Veterinary,29,2010
Veterinary,29,2009
Health Professions,29,1949
Agricultural and Biological Sciences,29,1945
"Business, Management and Accounting",29,1977
Engineering,29,1944
Health Professions,29,1961
Psychology,29,1964
Mathematics,30,1985
Psychology,30,1967
Decision Sciences,30,1979
Agricultural and Biological Sciences,30,1923
Engineering,30,1927
Computer Science,30,1960
Health Professions,30,1952
Earth and Planetary Sciences,30,1958
Engineering,30,1903
Environmental Science,30,1998
Dentistry,30,2003
Arts and Humanities,30,1920
Neuroscience,30,1988
Neuroscience,31,1986
"Economics, Econometrics and Finance",31,1962
Nursing,31,1991
Agricultural and Biological Sciences,31,1932
Chemical Engineering,31,2004
Physics and Astronomy,31,1964
"Pharmacology, Toxicology and Pharmaceutics",31,2000
Neuroscience,31,1985
Agricultural and Biological Sciences,31,1943
Decision Sciences,31,1994
Mathematics,31,1977
Neuroscience,31,1997
"Economics, Econometrics and Finance",31,1967
Dentistry,31,2001
Medicine,31,1918
Chemical Engineering,31,2001
Agricultural and Biological Sciences,31,1947
Agricultural and Biological Sciences,32,1937
Agricultural and Biological Sciences,32,1933
Health Professions,32,1956
Psychology,32,1960
Mathematics,32,1969
Psychology,32,1961
Engineering,32,1934
Mathematics,32,1976
Medicine,32,1922
Agricultural and Biological Sciences,32,1924
"Business, Management and Accounting",33,1971
Environmental Science,33,1954
Earth and Planetary Sciences,33,1969
Agricultural and Biological Sciences,33,1930
Nursing,33,2000
Psychology,33,1982
Agricultural and Biological Sciences,33,1946
Environmental Science,33,1966
Earth and Planetary Sciences,33,1973
Psychology,33,1968
Psychology,33,1977
Environmental Science,33,1951
Agricultural and Biological Sciences,33,1954
Environmental Science,33,1959
Chemical Engineering,33,2012
Computer Science,33,1971
Earth and Planetary Sciences,33,1974
Immunology and Microbiology,33,1987
Immunology and Microbiology,33,1999
Dentistry,33,2004
Mathematics,33,1983
Medicine,34,1924
"Economics, Econometrics and Finance",34,1961
Arts and Humanities,34,1998
Mathematics,34,1968
Arts and Humanities,34,1919
Materials Science,34,1968
"Business, Management and Accounting",34,1974
Materials Science,34,1965
Mathematics,34,1992
Computer Science,34,1963
Health Professions,34,1955
Environmental Science,35,1957
Psychology,35,1962
Materials Science,35,1964
"Biochemistry, Genetics and Molecular Biology",35,1955
Health Professions,35,1962
Mathematics,35,1988
Neuroscience,35,1987
Materials Science,35,1959
Veterinary,35,2020
Engineering,35,1941
Physics and Astronomy,35,1995
Chemistry,36,1950
Chemistry,36,1956
Chemical Engineering,36,2002
"Business, Management and Accounting",36,1969
Veterinary,36,2014
Neuroscience,36,1992
"Economics, Econometrics and Finance",36,1966
Social Sciences,36,1995
Engineering,36,1929
Engineering,36,1930
Nursing,36,2002
Agricultural and Biological Sciences,36,1927
"Economics, Econometrics and Finance",36,1969
Veterinary,36,2019
Chemical Engineering,36,2006
Health Professions,36,1958
Chemical Engineering,37,2003
Arts and Humanities,37,1995
Computer Science,37,1965
Engineering,37,1937
Agricultural and Biological Sciences,37,1934
Computer Science,38,1998
Chemical Engineering,38,2010
Mathematics,38,1974
Chemical Engineering,38,2007
Agricultural and Biological Sciences,38,1998
Environmental Science,38,1956
"Biochemistry, Genetics and Molecular Biology",38,1956
Chemical Engineering,38,2016
Mathematics,38,1984
Engineering,38,1933
Neuroscience,38,1990
Arts and Humanities,38,1903
Agricultural and Biological Sciences,38,1949
Chemical Engineering,38,2017
"Biochemistry, Genetics and Molecular Biology",38,1949
Physics and Astronomy,38,1959
Psychology,38,1971
Materials Science,38,1957
"Biochemistry, Genetics and Molecular Biology",38,1951
Psychology,38,1974
Chemical Engineering,39,2008
Nursing,39,2003
"Business, Management and Accounting",39,1978
Decision Sciences,39,1999
Health Professions,39,1946
Engineering,39,1946
Mathematics,39,1993
Energy,39,1999
Chemical Engineering,39,2019
Chemical Engineering,40,2009
Chemistry,40,1948
Earth and Planetary Sciences,40,1970
Agricultural and Biological Sciences,40,1935
Engineering,40,1935
Decision Sciences,40,2000
Health Professions,40,1950
Health Professions,40,1960
Mathematics,40,1997
Health Professions,40,1966
Psychology,40,1976
Engineering,40,1942
Medicine,40,1925
"Biochemistry, Genetics and Molecular Biology",40,1954
Neuroscience,40,1989
Mathematics,40,1987
Psychology,41,1969
Chemistry,41,1951
"Biochemistry, Genetics and Molecular Biology",41,1952
"Business, Management and Accounting",41,1982
"Business, Management and Accounting",41,1979
Materials Science,41,1966
Agricultural and Biological Sciences,41,1951
Engineering,41,1936
Mathematics,41,1986
"Economics, Econometrics and Finance",42,1971
Materials Science,42,1967
Immunology and Microbiology,42,2001
Environmental Science,42,1955
Environmental Science,42,1962
Agricultural and Biological Sciences,42,1931
Agricultural and Biological Sciences,42,1955
"Economics, Econometrics and Finance",43,1973
Social Sciences,43,1900
Arts and Humanities,43,1942
"Pharmacology, Toxicology and Pharmaceutics",43,2001
Physics and Astronomy,43,1960
"Biochemistry, Genetics and Molecular Biology",43,1947
Environmental Science,43,1965
"Pharmacology, Toxicology and Pharmaceutics",43,2002
Agricultural and Biological Sciences,43,1936
Medicine,43,1905
Earth and Planetary Sciences,43,1978
Psychology,43,1978
Health Professions,43,1951
Arts and Humanities,43,1900
"Economics, Econometrics and Finance",44,1974
Chemistry,44,1965
Environmental Science,44,1952
Mathematics,44,1990
Arts and Humanities,44,1916
Psychology,44,1973
Health Professions,44,1964
"Economics, Econometrics and Finance",44,1978
Chemical Engineering,44,2005
"Business, Management and Accounting",44,1976
Neuroscience,44,1994
"Business, Management and Accounting",44,1983
Immunology and Microbiology,45,1997
Materials Science,45,1962
Dentistry,45,2008
Earth and Planetary Sciences,45,1971
Computer Science,45,1968
Chemistry,46,1954
Medicine,46,1921
Earth and Planetary Sciences,46,1976
Health Professions,46,1970
Environmental Science,46,1950
Engineering,46,1932
Medicine,46,1903
Arts and Humanities,46,1906
Chemistry,46,1955
"Business, Management and Accounting",46,1970
Social Sciences,46,1910
"Economics, Econometrics and Finance",46,1968
Medicine,47,1917
Health Professions,47,1947
"Biochemistry, Genetics and Molecular Biology",47,1948
Arts and Humanities,47,1904
Arts and Humanities,47,1914
Medicine,47,1904
Dentistry,47,2005
Engineering,47,1939
Mathematics,48,1989
Physics and Astronomy,48,1958
Dentistry,48,2006
Arts and Humanities,48,1901
Psychology,48,1983
Nursing,48,2004
Agricultural and Biological Sciences,48,1948
Psychology,48,1970
Social Sciences,48,1901
Social Sciences,48,1904
Chemical Engineering,48,2011
Arts and Humanities,49,1918
"Pharmacology, Toxicology and Pharmaceutics",49,2019
Environmental Science,49,1967
Health Professions,49,1965
"Business, Management and Accounting",49,1984
Arts and Humanities,49,1923
Mathematics,49,1994
Agricultural and Biological Sciences,50,1952
Chemistry,50,1960
Medicine,50,1915
Earth and Planetary Sciences,50,1977
Medicine,50,1944
Arts and Humanities,50,1921
Environmental Science,50,1958
Arts and Humanities,50,1902
Environmental Science,50,1961
"Biochemistry, Genetics and Molecular Biology",51,1960
Environmental Science,51,1964
Medicine,51,1901
Environmental Science,51,1969
Health Professions,51,1967
"Economics, Econometrics and Finance",51,1977
Agricultural and Biological Sciences,52,1956
Medicine,52,1907
Psychology,52,1984
Neuroscience,52,1999
Energy,52,2001
Medicine,52,1900
Computer Science,53,1970
"Economics, Econometrics and Finance",53,1979
Medicine,53,1902
Arts and Humanities,53,1913
"Biochemistry, Genetics and Molecular Biology",53,1961
"Biochemistry, Genetics and Molecular Biology",53,1950
Chemistry,53,1952
Chemical Engineering,53,2020
"Pharmacology, Toxicology and Pharmaceutics",53,2003
Social Sciences,53,1902
Social Sciences,53,1906
Arts and Humanities,54,1905
"Pharmacology, Toxicology and Pharmaceutics",54,2004
Materials Science,54,1969
Environmental Science,54,1973
Medicine,54,1910
Medicine,54,1920
Social Sciences,54,1917
Arts and Humanities,55,1910
Arts and Humanities,55,1931
Environmental Science,55,1971
Computer Science,55,1974
"Economics, Econometrics and Finance",55,1976
Chemical Engineering,55,2014
Nursing,55,2007
Energy,55,2000
Arts and Humanities,56,1944
Computer Science,56,1969
Psychology,56,1988
"Economics, Econometrics and Finance",56,1982
Chemistry,56,1957
Nursing,56,2006
Physics and Astronomy,57,1966
Physics and Astronomy,57,1967
Immunology and Microbiology,57,2000
"Biochemistry, Genetics and Molecular Biology",57,1963
Arts and Humanities,57,1924
Social Sciences,57,1905
Physics and Astronomy,58,1968
Medicine,58,1906
Physics and Astronomy,58,1961
Chemistry,58,1961
Social Sciences,58,1908
Engineering,58,1947
Engineering,58,1995
Health Professions,58,1971
Materials Science,58,1971
Environmental Science,58,1963
Physics and Astronomy,59,1998
Arts and Humanities,59,1912
"Business, Management and Accounting",59,1985
Social Sciences,59,1914
"Biochemistry, Genetics and Molecular Biology",59,1958
Medicine,59,1911
Nursing,59,2005
Energy,59,2002
Health Professions,60,1973
Arts and Humanities,60,1908
Decision Sciences,60,2001
"Biochemistry, Genetics and Molecular Biology",60,1957
Psychology,60,1979
Agricultural and Biological Sciences,60,1961
Social Sciences,60,1919
Chemistry,60,1962
Arts and Humanities,60,1917
Dentistry,60,2013
Arts and Humanities,60,1943
Physics and Astronomy,60,1965
Dentistry,61,2017
Medicine,61,1916
Arts and Humanities,61,1941
Materials Science,61,1963
Agricultural and Biological Sciences,61,1966
Medicine,61,1919
Chemical Engineering,61,2013
Health Professions,61,1968
Mathematics,62,1991
Nursing,62,2009
"Business, Management and Accounting",62,1987
"Biochemistry, Genetics and Molecular Biology",62,1959
"Pharmacology, Toxicology and Pharmaceutics",62,2016
Environmental Science,62,1968
Medicine,62,1931
"Pharmacology, Toxicology and Pharmaceutics",62,2017
Social Sciences,62,1916
Agricultural and Biological Sciences,62,1957
Arts and Humanities,62,1925
Health Professions,63,1974
Earth and Planetary Sciences,63,1979
Nursing,63,2008
Arts and Humanities,63,1907
Engineering,63,1951
Chemistry,63,1958
"Economics, Econometrics and Finance",63,1970
Immunology and Microbiology,63,2002
Materials Science,63,1970
Social Sciences,64,1903
Computer Science,64,1973
Engineering,64,1954
Chemical Engineering,64,2015
Computer Science,64,1976
Environmental Science,64,1960
Dentistry,64,2009
Materials Science,64,1978
"Pharmacology, Toxicology and Pharmaceutics",64,2006
Social Sciences,64,1918
Medicine,65,1908
Psychology,65,1985
Computer Science,65,1978
Dentistry,65,2015
Dentistry,65,2019
Agricultural and Biological Sciences,66,1958
Medicine,66,1909
Chemistry,66,1964
Health Professions,66,1969
Psychology,66,1986
Engineering,67,1950
Arts and Humanities,67,1915
Materials Science,67,1977
"Economics, Econometrics and Finance",68,1983
Arts and Humanities,68,1911
Dentistry,68,2011
Health Professions,68,1977
Computer Science,68,1977
Medicine,69,1912
Physics and Astronomy,69,1970
Social Sciences,69,1912
"Biochemistry, Genetics and Molecular Biology",69,1962
Earth and Planetary Sciences,69,1982
Physics and Astronomy,69,1962
Arts and Humanities,70,1922
Earth and Planetary Sciences,70,1983
Social Sciences,70,1907
Arts and Humanities,70,1909
Physics and Astronomy,70,1963
"Biochemistry, Genetics and Molecular Biology",70,1965
Psychology,70,1989
Environmental Science,71,1977
Arts and Humanities,71,1946
Chemistry,71,1966
Social Sciences,71,1911
Medicine,71,1923
Earth and Planetary Sciences,71,1985
"Pharmacology, Toxicology and Pharmaceutics",71,2005
Materials Science,71,1979
Mathematics,71,1999
Chemistry,72,1959
Earth and Planetary Sciences,72,1986
"Economics, Econometrics and Finance",72,1985
Dentistry,72,2014
Psychology,72,1990
Engineering,72,1952
Medicine,72,1914
Agricultural and Biological Sciences,72,1962
Materials Science,73,1974
Chemistry,73,1969
Psychology,73,1987
Environmental Science,73,1976
Environmental Science,73,1974
Health Professions,74,1976
Social Sciences,74,1920
Medicine,74,1933
Arts and Humanities,74,1929
Health Professions,74,1978
"Economics, Econometrics and Finance",74,1987
Chemistry,74,1967
Arts and Humanities,74,1933
Agricultural and Biological Sciences,74,1969
Social Sciences,74,1921
Social Sciences,74,1924
Materials Science,75,1984
Arts and Humanities,75,1926
"Business, Management and Accounting",75,1986
Psychology,75,1993
Materials Science,75,1973
Agricultural and Biological Sciences,75,1963
Decision Sciences,75,2002
Neuroscience,75,2000
Social Sciences,76,1913
Medicine,76,1937
Engineering,76,1948
Earth and Planetary Sciences,76,1984
"Biochemistry, Genetics and Molecular Biology",76,1966
Medicine,77,1942
Chemistry,77,1968
"Business, Management and Accounting",77,1988
Dentistry,77,2016
"Economics, Econometrics and Finance",77,1984
Medicine,77,1913
Nursing,77,2016
Arts and Humanities,77,1938
Materials Science,78,1976
Medicine,78,1941
Health Professions,78,1979
Earth and Planetary Sciences,78,1987
Social Sciences,78,1923
"Biochemistry, Genetics and Molecular Biology",78,1967
Computer Science,79,1979
Social Sciences,79,1915
Arts and Humanities,79,1945
Dentistry,79,2010
Arts and Humanities,80,1934
"Economics, Econometrics and Finance",80,1986
"Biochemistry, Genetics and Molecular Biology",80,1969
Engineering,80,1955
Engineering,80,1949
Agricultural and Biological Sciences,80,1973
Medicine,81,1927
Materials Science,81,1983
Psychology,81,1994
Agricultural and Biological Sciences,81,1959
Medicine,81,1936
Social Sciences,81,1944
Earth and Planetary Sciences,82,1992
Earth and Planetary Sciences,82,1990
"Biochemistry, Genetics and Molecular Biology",82,1968
Medicine,82,1938
Health Professions,82,1984
Health Professions,82,1982
Social Sciences,82,1943
Nursing,83,2012
"Biochemistry, Genetics and Molecular Biology",83,1964
Medicine,83,1926
Social Sciences,83,1909
Neuroscience,83,2002
Materials Science,84,1987
Medicine,84,1943
Immunology and Microbiology,84,2004
"Pharmacology, Toxicology and Pharmaceutics",84,2015
"Biochemistry, Genetics and Molecular Biology",84,1978
Arts and Humanities,85,1935
Engineering,85,1957
Nursing,85,2011
Social Sciences,85,1946
Psychology,85,1991
Chemistry,85,1963
Mathematics,85,2001
Nursing,85,2010
Medicine,85,1995
Decision Sciences,86,2003
Agricultural and Biological Sciences,86,1976
Materials Science,86,1985
Physics and Astronomy,86,1974
Social Sciences,86,1998
Environmental Science,86,1978
Mathematics,86,2003
"Pharmacology, Toxicology and Pharmaceutics",86,2008
"Pharmacology, Toxicology and Pharmaceutics",86,2014
Agricultural and Biological Sciences,86,1967
"Biochemistry, Genetics and Molecular Biology",87,1974
"Pharmacology, Toxicology and Pharmaceutics",87,2007
Social Sciences,87,1931
Medicine,87,1934
Psychology,87,1992
Agricultural and Biological Sciences,87,1979
Nursing,88,2019
Neuroscience,88,2001
"Pharmacology, Toxicology and Pharmaceutics",88,2020
Energy,89,2005
"Business, Management and Accounting",89,1989
Health Professions,89,1983
Energy,89,2006
Materials Science,89,1990
Health Professions,89,1985
Earth and Planetary Sciences,89,1988
Materials Science,90,1982
"Pharmacology, Toxicology and Pharmaceutics",90,2013
Arts and Humanities,90,1928
Medicine,90,1932
Medicine,90,1939
Materials Science,90,1992
Energy,91,2003
Mathematics,91,2000
Immunology and Microbiology,91,2003
Immunology and Microbiology,92,2005
Arts and Humanities,92,1930
Energy,92,2004
Medicine,92,1930
Nursing,92,2013
Social Sciences,93,1932
Agricultural and Biological Sciences,93,1965
Agricultural and Biological Sciences,93,1971
Social Sciences,93,1930
Medicine,93,1929
Social Sciences,94,1925
Social Sciences,94,1927
Earth and Planetary Sciences,94,1989
Materials Science,95,1989
Arts and Humanities,95,1936
Immunology and Microbiology,96,2019
Engineering,96,1956
Physics and Astronomy,96,1969
Decision Sciences,96,2004
"Biochemistry, Genetics and Molecular Biology",96,1979
Energy,97,2007
Agricultural and Biological Sciences,97,1968
Neuroscience,97,2003
Arts and Humanities,97,1927
Physics and Astronomy,97,1971
Energy,97,2017
Arts and Humanities,97,1948
Health Professions,97,1988
Computer Science,97,1982
Social Sciences,98,1941
Arts and Humanities,98,1937
Decision Sciences,98,2005
"Biochemistry, Genetics and Molecular Biology",98,1977
Environmental Science,98,1983
Environmental Science,98,1982
Agricultural and Biological Sciences,98,1964
Materials Science,99,1986
"Biochemistry, Genetics and Molecular Biology",99,1982
"Economics, Econometrics and Finance",99,1989
"Biochemistry, Genetics and Molecular Biology",100,1983
Dentistry,100,2012
Arts and Humanities,100,1932
Environmental Science,101,1970
"Economics, Econometrics and Finance",101,1988
"Pharmacology, Toxicology and Pharmaceutics",101,2010
"Biochemistry, Genetics and Molecular Biology",101,1976
"Business, Management and Accounting",101,1991
Materials Science,102,1991
Earth and Planetary Sciences,102,1991
Medicine,102,1928
Materials Science,102,1994
Nursing,102,2017
Arts and Humanities,102,1939
Mathematics,103,2004
Environmental Science,103,1979
Social Sciences,104,1933
Social Sciences,105,1926
"Pharmacology, Toxicology and Pharmaceutics",105,2009
Decision Sciences,105,2007
Nursing,106,2014
Health Professions,106,1987
Nursing,107,2015
Mathematics,107,2005
Environmental Science,107,1986
Social Sciences,107,1922
Health Professions,107,1992
Materials Science,107,1988
Computer Science,108,1984
Social Sciences,108,1929
Materials Science,108,1993
Medicine,108,1998
Physics and Astronomy,108,1978
Mathematics,109,2006
"Biochemistry, Genetics and Molecular Biology",109,1973
Agricultural and Biological Sciences,109,1974
Earth and Planetary Sciences,110,1997
Environmental Science,111,1987
Social Sciences,111,1942
"Business, Management and Accounting",111,1992
"Biochemistry, Genetics and Molecular Biology",112,1970
"Economics, Econometrics and Finance",112,1991
Decision Sciences,113,2008
Immunology and Microbiology,113,2016
Mathematics,113,2007
Health Professions,114,1986
Health Professions,114,1989
Arts and Humanities,114,1952
Mathematics,114,2002
Agricultural and Biological Sciences,114,1977
Social Sciences,115,1937
Health Professions,115,1990
Earth and Planetary Sciences,116,1993
"Pharmacology, Toxicology and Pharmaceutics",116,2012
Social Sciences,116,1945
Social Sciences,116,1934
"Pharmacology, Toxicology and Pharmaceutics",116,2011
Psychology,116,1997
Computer Science,116,1983
Agricultural and Biological Sciences,116,1983
Mathematics,117,2008
Psychology,117,1999
"Biochemistry, Genetics and Molecular Biology",117,1984
Engineering,117,1998
Physics and Astronomy,118,1977
Social Sciences,118,1938
Social Sciences,118,1928
Environmental Science,118,1984
"Biochemistry, Genetics and Molecular Biology",118,1971
"Business, Management and Accounting",119,1994
Energy,119,2011
Earth and Planetary Sciences,119,1994
"Biochemistry, Genetics and Molecular Biology",119,1985
Immunology and Microbiology,120,2007
Energy,120,2016
"Biochemistry, Genetics and Molecular Biology",120,1987
Energy,120,2019
Arts and Humanities,120,1949
Environmental Science,120,1988
Neuroscience,121,2005
Medicine,121,1945
Computer Science,121,1985
Decision Sciences,122,2006
Energy,122,2008
Energy,122,2013
Agricultural and Biological Sciences,122,1978
"Business, Management and Accounting",123,1990
"Business, Management and Accounting",123,1993
Agricultural and Biological Sciences,123,1950
Arts and Humanities,123,1951
Arts and Humanities,124,1947
"Business, Management and Accounting",124,1997
Immunology and Microbiology,125,2017
"Economics, Econometrics and Finance",125,1992
Computer Science,126,1989
"Economics, Econometrics and Finance",126,1990
Social Sciences,126,1935
Physics and Astronomy,127,1982
Immunology and Microbiology,127,2009
Health Professions,128,1993
Social Sciences,128,1936
Computer Science,128,1987
Environmental Science,128,1985
Mathematics,129,2010
Health Professions,129,1994
Neuroscience,129,2004
Chemistry,130,1990
Earth and Planetary Sciences,130,1999
"Economics, Econometrics and Finance",130,1993
Chemistry,131,1989
Arts and Humanities,131,1955
Physics and Astronomy,132,1973
Social Sciences,132,1939
Arts and Humanities,132,1954
Energy,132,2010
Social Sciences,133,1948
Computer Science,134,1986
Neuroscience,135,2006
Materials Science,135,1997
Immunology and Microbiology,136,2006
Engineering,136,1958
Arts and Humanities,136,1958
Medicine,137,1935
Environmental Science,138,1989
Agricultural and Biological Sciences,138,1982
Mathematics,138,2017
Neuroscience,139,2017
Energy,139,2014
Agricultural and Biological Sciences,139,1984
Chemistry,140,1987
Nursing,140,2020
Engineering,141,1961
Energy,141,2009
Materials Science,141,1999
Neuroscience,141,2010
Energy,141,2015
Physics and Astronomy,141,1976
Physics and Astronomy,141,1983
Health Professions,142,1997
Dentistry,142,2020
Engineering,143,1960
"Biochemistry, Genetics and Molecular Biology",143,1986
Agricultural and Biological Sciences,143,1987
"Economics, Econometrics and Finance",143,1994
Mathematics,143,2016
"Biochemistry, Genetics and Molecular Biology",144,1988
Immunology and Microbiology,144,2008
Immunology and Microbiology,144,2015
Health Professions,144,1991
Environmental Science,145,1990
Psychology,145,2000
Immunology and Microbiology,145,2020
Chemistry,145,1991
Arts and Humanities,146,1956
Arts and Humanities,147,1957
Environmental Science,149,1992
Engineering,149,1966
Neuroscience,149,2016
Social Sciences,149,1947
Social Sciences,149,1949
Social Sciences,149,1958
Environmental Science,150,1991
Neuroscience,151,2019
Physics and Astronomy,152,1984
Computer Science,153,1988
"Biochemistry, Genetics and Molecular Biology",153,1992
Immunology and Microbiology,153,2013
Arts and Humanities,153,1950
Mathematics,153,2009
"Biochemistry, Genetics and Molecular Biology",153,1989
Chemistry,154,1997
Decision Sciences,155,2009
Engineering,155,1959
Environmental Science,156,1993
Neuroscience,156,2015
Immunology and Microbiology,157,2010
Mathematics,157,2019
Chemistry,157,1988
Decision Sciences,157,2013
Engineering,158,1962
Chemistry,158,1992
Energy,158,2012
Social Sciences,159,1952
Agricultural and Biological Sciences,159,1960
Engineering,160,1968
Mathematics,160,2013
Agricultural and Biological Sciences,161,1985
Immunology and Microbiology,161,2014
Immunology and Microbiology,161,2011
"Biochemistry, Genetics and Molecular Biology",162,1993
"Biochemistry, Genetics and Molecular Biology",162,1994
"Biochemistry, Genetics and Molecular Biology",163,1997
Chemistry,164,1993
Chemistry,164,1994
"Economics, Econometrics and Finance",164,1997
Social Sciences,166,1950
Decision Sciences,167,2011
Social Sciences,168,1957
Agricultural and Biological Sciences,168,1988
Immunology and Microbiology,168,2012
Computer Science,168,1990
Neuroscience,169,2012
Neuroscience,169,2007
"Biochemistry, Genetics and Molecular Biology",169,1991
Engineering,170,1967
Chemistry,173,1982
Computer Science,174,1991
Arts and Humanities,174,1961
Earth and Planetary Sciences,174,2000
Neuroscience,174,2009
Computer Science,174,1994
Social Sciences,174,1954
Engineering,175,1963
Chemistry,175,1999
Neuroscience,175,2008
Neuroscience,176,2014
Decision Sciences,177,2010
Mathematics,178,2015
Neuroscience,178,2013
Social Sciences,179,1955
Chemistry,179,1973
Physics and Astronomy,179,1979
Engineering,179,1964
Environmental Science,179,1994
Agricultural and Biological Sciences,180,1989
Chemistry,180,1976
Physics and Astronomy,181,1985
Arts and Humanities,181,1963
"Biochemistry, Genetics and Molecular Biology",181,1990
Arts and Humanities,181,1962
Arts and Humanities,182,1964
Physics and Astronomy,184,1989
Arts and Humanities,185,1959
Mathematics,185,2012
Computer Science,186,1992
Social Sciences,186,1951
Agricultural and Biological Sciences,187,1991
Decision Sciences,187,2012
Agricultural and Biological Sciences,188,1986
Decision Sciences,188,2016
Arts and Humanities,188,1960
Engineering,189,1965
Chemistry,189,2001
Social Sciences,190,1956
Computer Science,190,1993
Social Sciences,191,1959
Arts and Humanities,192,1966
Mathematics,192,2011
Arts and Humanities,192,1965
Social Sciences,193,1960
Medicine,194,1946
Environmental Science,195,1997
Arts and Humanities,196,1968
Medicine,198,1954
Energy,198,2020
Chemistry,198,2000
Medicine,198,1956
Neuroscience,200,2011
Chemistry,200,2002
Decision Sciences,201,2014
Chemistry,201,1978
Agricultural and Biological Sciences,201,1992
Materials Science,202,2000
Physics and Astronomy,203,1988
Medicine,203,1952
Chemistry,206,1977
Decision Sciences,207,2015
Mathematics,207,2014
Agricultural and Biological Sciences,208,1993
Chemistry,208,2019
Medicine,209,1955
Chemistry,209,1984
Psychology,210,2003
Chemistry,211,1974
Social Sciences,212,1962
Arts and Humanities,212,1969
Earth and Planetary Sciences,212,2002
Chemistry,213,2004
Arts and Humanities,213,1967
Psychology,214,2002
"Economics, Econometrics and Finance",214,1999
Decision Sciences,214,2019
Chemistry,217,1983
Physics and Astronomy,217,1986
Physics and Astronomy,217,1987
Psychology,217,2001
Health Professions,218,1999
Chemistry,219,2017
"Business, Management and Accounting",219,1999
Physics and Astronomy,220,1993
Chemistry,221,1985
Earth and Planetary Sciences,221,2005
Chemistry,222,1986
Health Professions,223,2000
Earth and Planetary Sciences,223,2001
Physics and Astronomy,225,1994
Engineering,226,1969
Chemistry,226,1971
"Biochemistry, Genetics and Molecular Biology",226,1999
Decision Sciences,227,2017
Physics and Astronomy,227,1992
Agricultural and Biological Sciences,229,1970
Engineering,229,1971
Social Sciences,230,1961
Engineering,232,1973
Agricultural and Biological Sciences,233,1994
Social Sciences,234,1963
Medicine,234,1958
Medicine,235,1959
Arts and Humanities,235,1971
Neuroscience,235,2020
Physics and Astronomy,235,1990
Medicine,237,1950
Materials Science,241,2001
Chemistry,242,2003
Medicine,245,1960
Chemistry,245,2016
Social Sciences,246,1964
Arts and Humanities,246,1977
Earth and Planetary Sciences,247,2004
Arts and Humanities,247,1974
Engineering,247,1974
Arts and Humanities,249,1970
Chemistry,249,1979
Materials Science,249,2002
Chemistry,249,2006
Social Sciences,249,1965
"Economics, Econometrics and Finance",254,2000
Health Professions,254,2001
Chemistry,254,2008
Medicine,255,1951
Psychology,256,2004
Medicine,257,1957
Arts and Humanities,260,1973
Chemistry,261,2007
Medicine,264,1947
Social Sciences,264,1966
Computer Science,265,1997
Arts and Humanities,266,1979
Medicine,269,1949
Physics and Astronomy,269,1997
Physics and Astronomy,270,1991
Environmental Science,271,1999
Physics and Astronomy,273,1999
Chemistry,273,1970
Medicine,273,1961
Engineering,273,1970
Chemistry,275,2005
Chemistry,276,2009
Arts and Humanities,276,1976
Medicine,277,1948
Chemistry,277,2011
Social Sciences,280,1968
Psychology,280,2005
Social Sciences,281,1967
Social Sciences,281,1969
Chemistry,282,2012
Mathematics,283,2020
Chemistry,286,2015
"Business, Management and Accounting",286,2000
Materials Science,287,2003
Arts and Humanities,288,1978
Medicine,291,1966
Medicine,292,1974
Health Professions,292,2003
Earth and Planetary Sciences,294,2003
Materials Science,298,2007
Medicine,300,1962
Health Professions,302,2002
Medicine,302,1963
Materials Science,303,2004
Chemistry,305,2014
Earth and Planetary Sciences,307,2008
Agricultural and Biological Sciences,309,1997
Chemistry,311,2013
Arts and Humanities,312,1982
Engineering,317,1977
Materials Science,317,2019
Earth and Planetary Sciences,318,2006
Social Sciences,318,1971
"Economics, Econometrics and Finance",321,2001
Medicine,321,1973
Chemistry,321,2010
Medicine,322,1970
Computer Science,323,1999
Psychology,325,2006
Materials Science,325,2008
Medicine,325,1968
Earth and Planetary Sciences,327,2007
Engineering,328,1978
"Business, Management and Accounting",331,2002
Materials Science,332,2006
Social Sciences,332,1976
Psychology,333,2007
Medicine,334,1971
Chemistry,335,2020
Physics and Astronomy,335,2000
Materials Science,336,2005
Environmental Science,342,2000
Materials Science,344,2017
Medicine,349,1978
Arts and Humanities,351,1983
Materials Science,352,2009
Medicine,355,1976
Agricultural and Biological Sciences,355,1990
Engineering,358,1982
Medicine,359,1969
Social Sciences,359,1974
Psychology,360,2008
"Economics, Econometrics and Finance",360,2002
"Biochemistry, Genetics and Molecular Biology",360,2000
Medicine,360,1967
Agricultural and Biological Sciences,365,1999
"Business, Management and Accounting",366,2001
Health Professions,372,2004
Social Sciences,372,1970
"Biochemistry, Genetics and Molecular Biology",372,2001
Social Sciences,376,1978
Social Sciences,377,1977
Medicine,378,1965
Engineering,379,1984
Environmental Science,381,2001
Arts and Humanities,382,1985
Physics and Astronomy,384,2001
Materials Science,385,2010
Materials Science,388,2016
"Economics, Econometrics and Finance",389,2003
Materials Science,389,2012
"Economics, Econometrics and Finance",391,2005
"Economics, Econometrics and Finance",397,2004
Engineering,399,1976
Arts and Humanities,399,1988
Materials Science,401,2014
Medicine,402,1964
Engineering,403,1985
Health Professions,403,2005
"Business, Management and Accounting",403,2003
Arts and Humanities,404,1986
Medicine,406,1979
Decision Sciences,406,2020
Engineering,406,1979
Earth and Planetary Sciences,408,2017
Engineering,410,1983
Psychology,414,2009
Social Sciences,415,1982
Arts and Humanities,415,1984
Materials Science,415,2015
Earth and Planetary Sciences,416,2009
Materials Science,417,2011
Computer Science,417,2000
Physics and Astronomy,418,2003
Arts and Humanities,421,1987
Earth and Planetary Sciences,422,2014
Earth and Planetary Sciences,423,2015
Social Sciences,423,1979
Agricultural and Biological Sciences,423,2001
Earth and Planetary Sciences,429,2011
Health Professions,430,2006
Social Sciences,431,1973
"Biochemistry, Genetics and Molecular Biology",431,2002
Physics and Astronomy,436,2002
Earth and Planetary Sciences,437,2013
Psychology,438,2010
Medicine,441,1977
Materials Science,441,2013
Physics and Astronomy,447,2004
Medicine,449,1982
Earth and Planetary Sciences,449,2016
Medicine,450,1983
Health Professions,456,2007
Earth and Planetary Sciences,459,2010
Environmental Science,462,2002
Physics and Astronomy,463,2007
Physics and Astronomy,465,2009
"Biochemistry, Genetics and Molecular Biology",469,2003
Physics and Astronomy,470,2005
Psychology,471,2011
"Economics, Econometrics and Finance",471,2006
Arts and Humanities,472,1989
Medicine,473,1984
Medicine,473,1985
Arts and Humanities,475,1990
Materials Science,477,2020
Engineering,478,1986
Environmental Science,480,2003
Engineering,483,1987
"Business, Management and Accounting",492,2005
"Business, Management and Accounting",495,2004
Earth and Planetary Sciences,496,2019
"Economics, Econometrics and Finance",497,2007
Social Sciences,499,1983
Social Sciences,502,1984
Arts and Humanities,503,1992
Agricultural and Biological Sciences,503,2002
Arts and Humanities,511,1991
Engineering,512,1991
Health Professions,514,2008
Earth and Planetary Sciences,515,2012
Earth and Planetary Sciences,518,2020
Agricultural and Biological Sciences,518,2003
"Economics, Econometrics and Finance",523,2008
Engineering,529,1988
Environmental Science,530,2004
Health Professions,542,2009
Physics and Astronomy,542,2016
Psychology,543,2012
"Biochemistry, Genetics and Molecular Biology",544,2004
Physics and Astronomy,544,2017
Physics and Astronomy,545,2019
Social Sciences,545,1985
Engineering,553,1989
Physics and Astronomy,553,2006
Physics and Astronomy,554,2008
Environmental Science,556,2005
Agricultural and Biological Sciences,557,2000
Agricultural and Biological Sciences,559,2004
Physics and Astronomy,562,2012
Engineering,566,1990
Arts and Humanities,567,1993
"Biochemistry, Genetics and Molecular Biology",570,2019
"Biochemistry, Genetics and Molecular Biology",570,2005
Medicine,572,1993
Psychology,575,2015
Physics and Astronomy,576,2011
"Business, Management and Accounting",577,2007
Psychology,578,2013
Medicine,580,1992
Psychology,581,2017
Medicine,586,1986
Medicine,589,1988
Psychology,590,2016
Social Sciences,597,1986
Physics and Astronomy,602,2013
Arts and Humanities,603,1994
Engineering,605,1992
Physics and Astronomy,605,2015
Physics and Astronomy,606,2010
Health Professions,610,2010
Psychology,610,2019
Social Sciences,612,1987
"Biochemistry, Genetics and Molecular Biology",613,2017
Physics and Astronomy,613,2020
Medicine,614,1987
"Business, Management and Accounting",617,2006
Social Sciences,619,1988
Engineering,624,1994
Engineering,637,1993
Physics and Astronomy,638,2014
Medicine,642,1989
Agricultural and Biological Sciences,643,2005
Computer Science,644,2001
Social Sciences,650,1991
Environmental Science,651,2006
Health Professions,652,2011
Social Sciences,652,1989
Psychology,655,2014
"Biochemistry, Genetics and Molecular Biology",659,2007
Medicine,669,1991
"Economics, Econometrics and Finance",672,2009
"Biochemistry, Genetics and Molecular Biology",677,2008
"Economics, Econometrics and Finance",680,2019
Social Sciences,682,1990
Health Professions,684,2012
"Business, Management and Accounting",687,2008
Medicine,690,1994
Agricultural and Biological Sciences,690,2006
"Economics, Econometrics and Finance",695,2010
"Biochemistry, Genetics and Molecular Biology",695,2016
Arts and Humanities,700,1997
Environmental Science,705,2007
Environmental Science,708,2008
"Economics, Econometrics and Finance",712,2011
Health Professions,713,2017
Medicine,714,1990
"Business, Management and Accounting",726,2009
"Economics, Econometrics and Finance",730,2017
Health Professions,736,2013
"Economics, Econometrics and Finance",738,2016
"Economics, Econometrics and Finance",747,2013
"Biochemistry, Genetics and Molecular Biology",748,2006
Agricultural and Biological Sciences,764,2007
"Economics, Econometrics and Finance",764,2012
Agricultural and Biological Sciences,767,2008
"Biochemistry, Genetics and Molecular Biology",773,2013
"Business, Management and Accounting",778,2010
Health Professions,778,2019
Arts and Humanities,782,1999
Health Professions,784,2016
Computer Science,784,2002
"Biochemistry, Genetics and Molecular Biology",786,2015
"Biochemistry, Genetics and Molecular Biology",795,2009
"Biochemistry, Genetics and Molecular Biology",797,2011
Health Professions,803,2014
"Biochemistry, Genetics and Molecular Biology",804,2014
Engineering,804,1997
Medicine,807,1997
Health Professions,809,2015
Social Sciences,813,1992
"Biochemistry, Genetics and Molecular Biology",813,2010
Computer Science,824,2003
"Business, Management and Accounting",825,2011
"Biochemistry, Genetics and Molecular Biology",828,2012
"Economics, Econometrics and Finance",833,2014
"Economics, Econometrics and Finance",838,2015
Social Sciences,876,1993
Social Sciences,882,1994
Environmental Science,883,2016
Environmental Science,897,2019
Environmental Science,898,2011
Environmental Science,901,2009
Computer Science,904,2004
Environmental Science,907,2017
Agricultural and Biological Sciences,911,2019
"Business, Management and Accounting",916,2012
Agricultural and Biological Sciences,918,2011
Environmental Science,919,2010
Engineering,929,1999
Arts and Humanities,933,2000
"Biochemistry, Genetics and Molecular Biology",935,2020
Medicine,957,1999
"Business, Management and Accounting",961,2019
"Business, Management and Accounting",971,2013
Agricultural and Biological Sciences,971,2012
Arts and Humanities,973,2001
Computer Science,975,2005
Agricultural and Biological Sciences,980,2009
"Business, Management and Accounting",981,2015
"Business, Management and Accounting",987,2017
Arts and Humanities,995,2003
Agricultural and Biological Sciences,995,2017
"Business, Management and Accounting",1003,2016
Environmental Science,1004,2015
Agricultural and Biological Sciences,1011,2010
Environmental Science,1026,2012
Environmental Science,1036,2013
Agricultural and Biological Sciences,1047,2016
Environmental Science,1056,2014
Computer Science,1064,2006
Agricultural and Biological Sciences,1083,2013
Arts and Humanities,1103,2002
"Business, Management and Accounting",1112,2014
Social Sciences,1140,1997
Computer Science,1141,2007
Computer Science,1151,2008
Agricultural and Biological Sciences,1153,2015
Agricultural and Biological Sciences,1193,2014
Arts and Humanities,1206,2004
Medicine,1213,2000
Psychology,1215,2020
Arts and Humanities,1254,2005
Computer Science,1257,2017
Computer Science,1285,2009
Medicine,1307,2001
Computer Science,1354,2013
Social Sciences,1364,1999
Computer Science,1365,2016
Computer Science,1378,2010
Computer Science,1412,2015
Computer Science,1429,2011
"Economics, Econometrics and Finance",1437,2020
Computer Science,1440,2012
Engineering,1460,2000
Computer Science,1461,2019
Arts and Humanities,1461,2006
Arts and Humanities,1476,2007
Computer Science,1522,2014
Medicine,1522,2002
Health Professions,1558,2020
Environmental Science,1593,2020
Social Sciences,1624,2000
Arts and Humanities,1651,2008
Arts and Humanities,1730,2009
Agricultural and Biological Sciences,1735,2020
Engineering,1744,2001
Medicine,1755,2003
Arts and Humanities,1777,2011
Social Sciences,1798,2001
Arts and Humanities,1847,2010
Arts and Humanities,1890,2013
Arts and Humanities,1915,2012
"Business, Management and Accounting",1947,2020
Arts and Humanities,1958,2016
Arts and Humanities,1979,2017
Engineering,2019,2002
Social Sciences,2031,2002
Arts and Humanities,2045,2014
Arts and Humanities,2065,2019
Medicine,2109,2004
Arts and Humanities,2109,2015
Social Sciences,2170,2003
Engineering,2184,2017
Medicine,2217,2005
Engineering,2271,2003
Engineering,2291,2019
Engineering,2372,2016
Social Sciences,2422,2004
Engineering,2435,2004
Engineering,2574,2005
Medicine,2682,2007
Engineering,2696,2015
Social Sciences,2721,2005
Engineering,2731,2006
Computer Science,2747,2020
Engineering,2785,2014
Engineering,2804,2008
Medicine,2844,2006
Social Sciences,2850,2006
Engineering,2918,2007
Medicine,2930,2008
Social Sciences,3088,2007
Medicine,3115,2009
Medicine,3118,2017
Medicine,3144,2016
Medicine,3204,2010
Engineering,3245,2013
Social Sciences,3300,2008
Engineering,3318,2009
Engineering,3358,2012
Engineering,3463,2010
Arts and Humanities,3494,2020
Medicine,3506,2015
Medicine,3537,2012
Medicine,3543,2011
Medicine,3574,2014
Engineering,3587,2020
Medicine,3628,2013
Medicine,3719,2019
Engineering,3726,2011
Social Sciences,3776,2009
Social Sciences,4086,2010
Social Sciences,4385,2011
Social Sciences,4668,2012
Social Sciences,5063,2013
Medicine,5088,2020
Social Sciences,5115,2017
Social Sciences,5285,2016
Social Sciences,5332,2015
Social Sciences,5353,2014
Social Sciences,5506,2019
Social Sciences,11054,2020
